#VRML V2.0 utf8
# 3D model generated by easyeda2kicad.py (https://github.com/uPesy/easyeda2kicad.py)

Shape{
    appearance Appearance {
        material  Material 	{
            diffuseColor 0.25098039215686274 0.25098039215686274 0.25098039215686274
            specularColor 0.12549019607843137 0.12549019607843137 0.12549019607843137
            ambientIntensity 0.251
            transparency 0.0
            shininess 0.5
        }
    }
    geometry IndexedFaceSet {
        ccw TRUE
        solid FALSE
        coord DEF co Coordinate {
            point [
                0.689 -0.2953 1.1024, 0.689 0.2953 1.1024, 0.689 -0.2953 2.1654, 0.689 0.2953 2.1654, 0.0984 0.2953 1.1024, 0.0984 0.2953 2.1654, 0.0984 -0.2953 1.1024, 0.0984 -0.2953 2.1654
            ]
        }
        coordIndex [
            0,1,2,-1,2,1,3,-1,1,4,3,-1,3,4,5,-1,4,6,5,-1,5,6,7,-1,6,0,7,-1,7,0,2,-1,6,4,0,-1,0,4,1,-1,3,5,2,-1,2,5,7,-1,
        ]
    }
}
Shape{
    appearance Appearance {
        material  Material 	{
            diffuseColor 0.7529411764705882 0.7529411764705882 0.7529411764705882
            specularColor 0.3764705882352941 0.3764705882352941 0.3764705882352941
            ambientIntensity 0.7529
            transparency 0.0
            shininess 0.5
        }
    }
    geometry IndexedFaceSet {
        ccw TRUE
        solid FALSE
        coord DEF co Coordinate {
            point [
                -0.689 0.3346 1.2992, -0.689 -0.3346 1.2992, -1.0236 0.5709 1.2992, -1.3189 0.374 1.2992, -1.0236 0.6102 1.2992, -1.3189 0.6102 1.2992, -1.0236 -0.6102 1.2992, -1.3189 -0.6102 1.2992, -1.0236 -0.5709 1.2992, -1.3189 -0.374 1.2992, -1.7126 0.374 1.2992, -1.7126 -0.374 1.2992, 1.3189 -0.5709 1.2992, 0.689 -0.3346 1.2992, 1.3189 -0.374 1.2992, 0.689 0.3346 1.2992, 1.3189 0.5709 1.2992, 1.3189 0.374 1.2992, 1.7126 0.374 1.2992, 1.7126 -0.374 1.2992, -1.1024 0.5709 1.378, -1.1024 0.6102 1.378, -1.3189 0.6102 1.378, 0.689 0.3346 1.378, 0.689 -0.3346 1.378, 1.3189 -0.5709 1.378, 1.7126 0.374 1.378, 1.3189 0.374 1.378, 1.7126 -0.374 1.378, 1.3189 -0.374 1.378, -1.1024 -0.5709 1.378, -0.689 0.3346 1.378, 1.3189 0.5709 1.378, -1.7126 0.374 1.378, -1.7126 -0.374 1.378, -1.3189 0.374 1.378, -1.3189 -0.374 1.378, -1.3189 -0.6102 1.378, -1.1024 -0.6102 1.378, -0.689 -0.3346 1.378, -1.0236 0.689 1.2992, -1.3189 0.689 1.2992, -1.3189 0.687 1.3167, -1.0411 0.687 1.3167, -1.3189 0.6812 1.3334, -1.0578 0.6812 1.3334, -1.3189 0.6718 1.3483, -1.0727 0.6718 1.3483, -1.3189 0.6593 1.3608, -1.0852 0.6593 1.3608, -1.3189 0.6444 1.3702, -1.0946 0.6444 1.3702, -1.3189 0.6278 1.376, -1.1019 0.6191 1.3775, -1.1004 0.6278 1.376, -1.0979 0.6362 1.3735, 0.0394 0.689 1.2205, 0.0394 0.689 0.9843, -0.9449 0.689 1.2205, -1.3189 0.689 0.9843, -0.9449 0.6102 1.2205, -1.3189 0.6102 0.9843, 0.0394 0.6102 1.2205, 0.0394 0.6102 0.9843, -1.0236 -0.689 1.2992, -1.3189 -0.689 1.2992, -0.9449 -0.689 1.2205, -1.3189 -0.689 0.9843, 0.0394 -0.689 1.2205, 0.0394 -0.689 0.9843, 0.0394 -0.6102 1.2205, 0.0394 -0.6102 0.9843, -0.9449 -0.6102 1.2205, -1.3189 -0.6102 0.9843, -1.1019 -0.6191 1.3775, -1.3189 -0.6278 1.376, -1.1004 -0.6278 1.376, -1.0979 -0.6362 1.3735, -1.3189 -0.6444 1.3702, -1.0946 -0.6444 1.3702, -1.3189 -0.6593 1.3608, -1.0852 -0.6593 1.3608, -1.3189 -0.6718 1.3483, -1.0727 -0.6718 1.3483, -1.3189 -0.6812 1.3334, -1.0578 -0.6812 1.3334, -1.3189 -0.687 1.3167, -1.0411 -0.687 1.3167, 0.1227 -0.5606 0.9843, 0.1678 -0.6251 0.9843, 0.062 -0.6031 0.9843, 0.1071 -0.6676 0.9843, 0.055 -0.607 0.9843, 0.0862 -0.6793 0.9843, 0.0473 -0.6094 0.9843, 0.0633 -0.6865 0.9843, -1.7913 0.374 1.2992, -1.7913 -0.374 1.2992, -1.7887 -0.374 1.3196, -1.7887 0.374 1.3196, -1.7808 -0.374 1.3386, -1.7808 0.374 1.3386, -1.7683 -0.374 1.3549, -1.7683 0.374 1.3549, -1.752 -0.374 1.3674, -1.752 0.374 1.3674, -1.733 -0.374 1.3753, -1.733 0.374 1.3753, -1.7126 0.689 0.3937, -1.7913 0.689 0.3937, -1.7126 0.689 0.7874, -1.7913 0.689 0.7874, -1.7913 -0.689 0.3937, -1.7126 -0.689 0.3937, -1.7913 -0.689 0.7874, -1.7126 -0.689 0.7874, -1.7913 0.374 0.7874, -1.7913 -0.374 0.7874, -1.7126 -0.374 0.7874, -1.7126 0.374 0.7874, 1.7913 -0.374 1.2992, 1.7913 0.374 1.2992, 1.7887 0.374 1.3196, 1.7887 -0.374 1.3196, 1.7808 0.374 1.3386, 1.7808 -0.374 1.3386, 1.7683 0.374 1.3549, 1.7683 -0.374 1.3549, 1.752 0.374 1.3674, 1.752 -0.374 1.3674, 1.733 0.374 1.3753, 1.733 -0.374 1.3753, 1.7126 -0.689 0.7874, 1.7126 -0.689 0.3937, 1.7913 -0.689 0.7874, 1.7913 -0.689 0.3937, 1.7913 0.689 0.3937, 1.7126 0.689 0.3937, 1.7913 0.689 0.7874, 1.7126 0.689 0.7874, 1.7913 0.374 0.7874, 1.7913 -0.374 0.7874, 1.7126 0.374 0.7874, 1.7126 -0.374 0.7874, 0.0473 0.6094 0.9843, 0.0633 0.6865 0.9843, 0.055 0.607 0.9843, 0.0862 0.6793 0.9843, 0.062 0.6031 0.9843, 0.1071 0.6676 0.9843, 0.1227 0.5606 0.9843, 0.1678 0.6251 0.9843, 0.1227 0.5606 1.2205, 0.1678 0.6251 1.2205, 0.062 0.6031 1.2205, 0.1071 0.6676 1.2205, 0.055 0.607 1.2205, 0.0862 0.6793 1.2205, 0.0473 0.6094 1.2205, 0.0633 0.6865 1.2205, 0.1894 0.61 0.9872, 0.2098 0.5957 0.9959, 0.2646 0.5573 1.1024, 0.2622 0.559 1.0761, 0.255 0.5641 1.0511, 0.2363 0.5772 1.1859, 0.2162 0.5912 1.2046, 0.1929 0.6076 1.2164, 0.2435 0.5721 1.0287, 0.2282 0.5829 1.01, 0.2516 0.5664 1.1614, 0.2613 0.5597 1.1329, 0.2099 0.4996 1.0511, 0.217 0.4945 1.0761, 0.2194 0.4928 1.1024, 0.2161 0.4952 1.1329, 0.2065 0.5019 1.1614, 0.1442 0.5455 0.9872, 0.1647 0.5312 0.9959, 0.183 0.5184 1.01, 0.1983 0.5076 1.0287, 0.1911 0.5127 1.1859, 0.1711 0.5267 1.2046, 0.1477 0.5431 1.2164, 0.0473 -0.6094 1.2205, 0.0633 -0.6865 1.2205, 0.055 -0.607 1.2205, 0.0862 -0.6793 1.2205, 0.062 -0.6031 1.2205, 0.1071 -0.6676 1.2205, 0.1227 -0.5606 1.2205, 0.1678 -0.6251 1.2205, 0.1894 -0.61 0.9872, 0.2098 -0.5957 0.9959, 0.2282 -0.5829 1.01, 0.2435 -0.5721 1.0287, 0.255 -0.5641 1.0511, 0.2622 -0.559 1.0761, 0.2646 -0.5573 1.1024, 0.2613 -0.5597 1.1329, 0.2516 -0.5664 1.1614, 0.2363 -0.5772 1.1859, 0.2162 -0.5912 1.2046, 0.1929 -0.6076 1.2164, 0.1442 -0.5455 0.9872, 0.2194 -0.4928 1.1024, 0.217 -0.4945 1.0761, 0.2099 -0.4996 1.0511, 0.1983 -0.5076 1.0287, 0.183 -0.5184 1.01, 0.1647 -0.5312 0.9959, 0.1911 -0.5127 1.1859, 0.1711 -0.5267 1.2046, 0.1477 -0.5431 1.2164, 0.2065 -0.5019 1.1614, 0.2161 -0.4952 1.1329
            ]
        }
        coordIndex [
            0,1,2,-1,2,1,3,-1,2,3,4,-1,4,3,5,-1,6,7,8,-1,8,7,9,-1,8,9,10,-1,10,9,11,-1,10,3,8,-1,8,3,1,-1,8,1,12,-1,12,1,13,-1,12,13,14,-1,0,2,15,-1,15,2,16,-1,15,16,13,-1,13,16,17,-1,13,17,14,-1,14,17,18,-1,14,18,19,-1,20,21,22,-1,23,24,25,-1,26,27,28,-1,28,27,29,-1,25,24,30,-1,25,29,23,-1,23,29,27,-1,23,27,31,-1,31,27,32,-1,31,32,20,-1,33,34,35,-1,35,34,36,-1,37,38,36,-1,36,38,30,-1,22,35,20,-1,20,35,36,-1,20,36,31,-1,31,36,30,-1,31,30,39,-1,39,30,24,-1,40,41,42,-1,40,42,43,-1,43,42,44,-1,43,44,45,-1,45,44,46,-1,45,46,47,-1,47,46,48,-1,47,48,49,-1,49,48,50,-1,49,50,51,-1,52,22,21,-1,21,53,52,-1,52,53,54,-1,52,54,50,-1,50,54,55,-1,50,55,51,-1,56,57,58,-1,58,57,59,-1,58,59,40,-1,40,59,41,-1,4,5,60,-1,60,5,61,-1,60,61,62,-1,62,61,63,-1,32,27,16,-1,16,27,17,-1,64,65,66,-1,66,65,67,-1,66,67,68,-1,68,67,69,-1,70,71,72,-1,72,71,73,-1,72,73,6,-1,6,73,7,-1,14,29,12,-1,12,29,25,-1,38,37,74,-1,74,37,75,-1,74,75,76,-1,76,75,77,-1,77,75,78,-1,77,78,79,-1,79,78,80,-1,79,80,81,-1,81,80,82,-1,81,82,83,-1,83,82,84,-1,83,84,85,-1,85,84,86,-1,85,86,87,-1,87,86,65,-1,87,65,64,-1,88,89,90,-1,90,89,91,-1,90,91,92,-1,92,91,93,-1,92,93,94,-1,94,93,95,-1,94,95,71,-1,71,95,69,-1,71,69,73,-1,73,69,67,-1,36,9,37,-1,37,9,7,-1,96,97,98,-1,96,98,99,-1,99,98,100,-1,99,100,101,-1,101,100,102,-1,101,102,103,-1,103,102,104,-1,103,104,105,-1,105,104,106,-1,105,106,107,-1,107,106,34,-1,107,34,33,-1,108,109,110,-1,110,109,111,-1,112,113,114,-1,114,113,115,-1,116,111,109,-1,112,114,117,-1,97,96,117,-1,117,96,116,-1,117,116,112,-1,112,116,109,-1,118,115,113,-1,108,110,119,-1,10,11,119,-1,119,11,118,-1,119,118,108,-1,108,118,113,-1,112,109,113,-1,113,109,108,-1,120,121,122,-1,120,122,123,-1,123,122,124,-1,123,124,125,-1,125,124,126,-1,125,126,127,-1,127,126,128,-1,127,128,129,-1,129,128,130,-1,129,130,131,-1,131,130,26,-1,131,26,28,-1,132,133,134,-1,134,133,135,-1,136,135,137,-1,137,135,133,-1,138,136,139,-1,139,136,137,-1,136,138,135,-1,135,138,140,-1,134,135,141,-1,141,135,140,-1,141,140,120,-1,120,140,121,-1,142,139,137,-1,133,132,143,-1,19,18,143,-1,143,18,142,-1,143,142,133,-1,133,142,137,-1,9,36,11,-1,11,36,34,-1,11,34,106,-1,117,118,97,-1,97,118,11,-1,97,11,98,-1,98,11,100,-1,106,104,11,-1,11,104,102,-1,11,102,100,-1,114,115,117,-1,117,115,118,-1,3,35,5,-1,5,35,22,-1,35,3,33,-1,33,3,10,-1,119,116,10,-1,10,116,96,-1,103,105,10,-1,10,105,107,-1,10,107,33,-1,96,99,10,-1,10,99,101,-1,10,101,103,-1,116,119,111,-1,111,119,110,-1,29,14,28,-1,28,14,19,-1,143,141,19,-1,19,141,120,-1,127,129,19,-1,19,129,131,-1,19,131,28,-1,120,123,19,-1,19,123,125,-1,19,125,127,-1,134,141,132,-1,132,141,143,-1,17,27,18,-1,18,27,26,-1,18,26,130,-1,140,142,121,-1,121,142,18,-1,121,18,122,-1,122,18,124,-1,130,128,18,-1,18,128,126,-1,18,126,124,-1,140,138,142,-1,142,138,139,-1,75,37,7,-1,65,86,7,-1,7,86,84,-1,7,84,82,-1,82,80,7,-1,7,80,78,-1,7,78,75,-1,67,65,73,-1,73,65,7,-1,5,22,52,-1,52,50,5,-1,5,50,48,-1,5,48,46,-1,46,44,5,-1,5,44,42,-1,5,42,41,-1,61,59,63,-1,63,59,57,-1,63,57,144,-1,144,57,145,-1,144,145,146,-1,146,145,147,-1,146,147,148,-1,148,147,149,-1,148,149,150,-1,150,149,151,-1,41,59,5,-1,5,59,61,-1,8,12,30,-1,30,12,25,-1,20,32,2,-1,2,32,16,-1,152,153,154,-1,154,153,155,-1,154,155,156,-1,156,155,157,-1,156,157,158,-1,158,157,159,-1,158,159,62,-1,62,159,56,-1,62,56,60,-1,60,56,58,-1,57,56,159,-1,57,159,145,-1,145,159,157,-1,145,157,147,-1,147,157,155,-1,147,155,149,-1,149,155,151,-1,151,155,153,-1,151,153,160,-1,160,153,161,-1,162,163,153,-1,153,163,164,-1,165,153,166,-1,166,153,167,-1,164,168,153,-1,153,168,169,-1,153,169,161,-1,165,170,153,-1,153,170,171,-1,153,171,162,-1,152,154,148,-1,172,173,152,-1,173,174,152,-1,152,174,175,-1,152,175,176,-1,148,150,152,-1,152,150,177,-1,152,177,178,-1,178,179,152,-1,152,179,180,-1,152,180,172,-1,176,181,152,-1,152,181,182,-1,152,182,183,-1,148,154,146,-1,146,154,156,-1,146,156,144,-1,144,156,158,-1,144,158,63,-1,63,158,62,-1,72,66,70,-1,70,66,68,-1,70,68,184,-1,184,68,185,-1,184,185,186,-1,186,185,187,-1,186,187,188,-1,188,187,189,-1,188,189,190,-1,190,189,191,-1,91,189,187,-1,91,187,93,-1,93,187,185,-1,93,185,95,-1,95,185,68,-1,95,68,69,-1,189,91,191,-1,191,91,89,-1,89,192,191,-1,191,192,193,-1,191,193,194,-1,194,195,191,-1,191,195,196,-1,191,196,197,-1,197,198,191,-1,191,198,199,-1,191,199,200,-1,200,201,191,-1,191,201,202,-1,191,202,203,-1,90,188,88,-1,88,188,190,-1,88,190,204,-1,205,206,190,-1,190,206,207,-1,190,207,208,-1,208,209,190,-1,190,209,210,-1,190,210,204,-1,211,190,212,-1,212,190,213,-1,211,214,190,-1,190,214,215,-1,190,215,205,-1,71,70,94,-1,94,70,184,-1,94,184,92,-1,92,184,186,-1,92,186,90,-1,90,186,188,-1,23,15,24,-1,24,15,13,-1,31,0,23,-1,23,0,15,-1,39,1,31,-1,31,1,0,-1,24,13,39,-1,39,13,1,-1,66,72,64,-1,64,72,6,-1,64,6,87,-1,87,6,85,-1,8,30,6,-1,6,30,38,-1,6,77,79,-1,38,74,6,-1,6,74,76,-1,6,76,77,-1,79,81,6,-1,6,81,83,-1,6,83,85,-1,60,58,4,-1,4,58,40,-1,4,55,54,-1,40,43,4,-1,4,43,45,-1,4,45,47,-1,47,49,4,-1,4,49,51,-1,4,51,55,-1,20,2,21,-1,21,2,4,-1,21,4,53,-1,53,4,54,-1,190,191,203,-1,190,203,213,-1,213,203,202,-1,213,202,212,-1,212,202,201,-1,212,201,211,-1,211,201,200,-1,211,200,214,-1,214,200,199,-1,214,199,215,-1,215,199,198,-1,215,198,205,-1,89,88,204,-1,89,204,192,-1,192,204,210,-1,192,210,193,-1,193,210,209,-1,193,209,194,-1,194,209,208,-1,194,208,195,-1,195,208,207,-1,195,207,196,-1,196,207,206,-1,196,206,197,-1,197,206,205,-1,197,205,198,-1,174,162,171,-1,174,171,175,-1,175,171,170,-1,175,170,176,-1,176,170,165,-1,176,165,181,-1,181,165,166,-1,181,166,182,-1,182,166,167,-1,182,167,183,-1,183,167,153,-1,183,153,152,-1,150,151,160,-1,150,160,177,-1,177,160,161,-1,177,161,178,-1,178,161,169,-1,178,169,179,-1,179,169,168,-1,179,168,180,-1,180,168,164,-1,180,164,172,-1,172,164,163,-1,172,163,173,-1,173,163,162,-1,173,162,174,-1,
        ]
    }
}
Shape{
    appearance Appearance {
        material  Material 	{
            diffuseColor 0.25098039215686274 0.25098039215686274 0.25098039215686274
            specularColor 0.12549019607843137 0.12549019607843137 0.12549019607843137
            ambientIntensity 0.251
            transparency 0.0
            shininess 0.5
        }
    }
    geometry IndexedFaceSet {
        ccw TRUE
        solid FALSE
        coord DEF co Coordinate {
            point [
                0.785 0.689 0.8565, 0.7859 0.689 0.8561, 0.7859 0.689 0.8465, 0.8329 0.689 0.8893, 0.8376 0.689 0.8887, 0.8108 0.689 0.8887, 0.8661 0.689 0.5118, 0.8661 0.689 0.3937, 0.8596 0.689 0.3937, -1.7126 0.689 0.7874, -1.7913 0.689 0.7874, -1.7913 0.689 0.8465, 1.5867 0.689 1.0195, 1.5852 0.689 1.0268, 1.7913 0.689 1.0268, 1.5806 0.689 1.0494, 1.5764 0.689 1.0581, 1.7753 0.689 1.0581, 1.1505 0.689 1.0817, 1.1301 0.689 1.0641, 1.0591 0.689 1.1667, 1.0591 0.689 1.0581, 1.2528 0.689 1.1777, 1.2364 0.689 1.1667, 1.2189 0.689 1.1549, 1.1941 0.689 1.1263, 1.1779 0.689 1.095, 1.1729 0.689 1.0933, 1.2909 0.689 1.1911, 1.0591 0.689 1.2992, 1.3222 0.689 1.1944, 1.5945 0.689 1.2992, 1.3598 0.689 1.1898, 1.3948 0.689 1.1762, 1.5514 0.689 1.0965, 1.5441 0.689 1.1032, 1.6939 0.689 1.1667, 1.4103 0.689 1.1667, 1.4133 0.689 1.1648, 1.5677 0.689 1.0762, 1.5186 0.689 1.1201, 1.4902 0.689 1.1301, 1.4641 0.689 1.1329, 1.4311 0.689 1.1495, 1.4554 0.689 1.1325, 1.4466 0.689 1.1314, 1.7913 0.689 1.0367, 1.4935 0.689 0.8887, 1.4945 0.689 0.8908, 1.7913 0.689 0.8887, 1.5081 0.689 0.8951, 1.535 0.689 0.9094, 1.5552 0.689 0.9272, 1.5584 0.689 0.931, 1.5743 0.689 0.9555, 1.5843 0.689 0.984, 1.5871 0.689 1.01, 1.4869 0.689 0.8745, 1.7913 0.689 0.8465, 1.4756 0.689 0.8606, 1.7913 0.689 0.7874, 1.7126 0.689 0.7874, 1.7126 0.689 0.3937, 1.1024 0.689 0.3937, 1.1024 0.689 0.5118, 1.404 0.689 0.8414, 1.4224 0.689 0.8392, 1.4253 0.689 0.8392, 1.4433 0.689 0.842, 1.4537 0.689 0.8465, 1.4608 0.689 0.8494, 1.0591 0.689 0.5118, 1.0591 0.689 0.8465, 1.3909 0.689 0.8465, 1.0591 0.689 0.8887, 1.3512 0.689 0.8887, 1.3513 0.689 0.8886, 1.3602 0.689 0.8716, 1.372 0.689 0.8584, 1.3871 0.689 0.8479, 1.3654 0.689 0.9659, 1.2637 0.689 1.0191, 1.3787 0.689 0.978, 1.3948 0.689 0.9866, 1.1502 0.689 1.0013, 1.1538 0.689 1.0159, 1.1596 0.689 1.0268, 1.5374 0.689 1.0268, 1.2481 0.689 0.8897, 1.2532 0.689 0.8915, 1.2582 0.689 0.8948, 1.2609 0.689 0.8975, 1.2587 0.689 0.9305, 1.2539 0.689 0.9337, 1.2402 0.689 0.9788, 1.2487 0.689 0.9357, 1.1166 0.689 0.943, 1.1309 0.689 0.9234, 1.133 0.689 0.9212, 1.1529 0.689 0.9051, 1.533 0.689 0.9813, 1.5238 0.689 0.9658, 1.4853 0.689 0.958, 1.5102 0.689 0.9518, 1.4937 0.689 0.9416, 1.4572 0.689 0.9831, 1.4727 0.689 0.9723, 1.5393 0.689 1.0115, 1.5384 0.689 0.9999, 1.1059 0.689 1.0191, 1.1028 0.689 0.9955, 1.0591 0.689 1.0268, 1.1029 0.689 0.9917, 1.1067 0.689 0.9668, 1.1762 0.689 0.8941, 1.2 0.689 0.8893, 1.2447 0.689 0.8893, 1.2668 0.689 0.9128, 1.2667 0.689 0.915, 1.3465 0.689 0.9227, 1.2653 0.689 0.9208, 1.2626 0.689 0.9261, 1.4404 0.689 0.9895, 1.4224 0.689 0.9917, 1.4131 0.689 0.9912, 1.2642 0.689 0.9023, 1.2661 0.689 0.9074, 1.3469 0.689 0.9073, 1.3465 0.689 0.9151, 1.2432 0.689 0.9363, 1.2425 0.689 0.9363, 1.2402 0.689 0.9358, 1.1652 0.689 0.9547, 1.1569 0.689 0.9665, 1.1517 0.689 0.98, 1.1499 0.689 0.9948, 1.2387 0.689 0.9356, 1.2045 0.689 0.9356, 1.191 0.689 0.9382, 1.1776 0.689 0.9443, 1.1663 0.689 0.9535, 1.2151 0.689 1.054, 1.5305 0.689 1.0467, 1.537 0.689 1.0298, 1.2091 0.689 1.054, 1.1608 0.689 1.029, 1.1696 0.689 1.0389, 1.1814 0.689 1.0471, 1.1947 0.689 1.0522, 1.5226 0.689 1.0581, 1.4231 0.689 1.076, 1.4287 0.689 1.079, 1.2286 0.689 1.0948, 1.2447 0.689 1.1161, 1.2519 0.689 1.123, 1.2735 0.689 1.1374, 1.2974 0.689 1.1461, 1.4457 0.689 1.0852, 1.4633 0.689 1.0874, 1.4711 0.689 1.087, 1.2159 0.689 1.0581, 1.2182 0.689 1.0697, 1.3214 0.689 1.1489, 1.325 0.689 1.1488, 1.4126 0.689 1.0983, 1.3503 0.689 1.145, 1.396 0.689 1.1189, 1.375 0.689 1.1347, 1.4899 0.689 1.0826, 1.5068 0.689 1.0736, 1.52 0.689 1.0619, 1.1259 0.689 1.0581, 1.1149 0.689 1.0423, 1.1089 0.689 1.0268, 0.5522 0.689 1.0581, 0.5869 0.689 1.059, 0.6021 0.689 1.059, 0.6276 0.689 1.1658, 0.5522 0.689 1.1667, 0.6522 0.689 1.1667, 0.6677 0.689 1.059, 0.683 0.689 1.059, 0.6859 0.689 1.0581, 0.6522 0.689 1.0581, 0.6522 0.689 1.0882, 0.6575 0.689 1.0882, 0.6859 0.689 1.1667, 0.6522 0.689 1.1398, 0.6423 0.689 1.1658, 0.7984 0.689 1.1658, 0.7859 0.689 1.1667, 0.8108 0.689 1.1667, 0.8396 0.689 1.1535, 0.8396 0.689 1.1193, 0.8108 0.689 1.1535, 0.8108 0.689 1.1193, 0.7984 0.689 1.1535, 0.8014 0.689 1.1193, 0.796 0.689 1.0712, 0.8014 0.689 1.1071, 0.8108 0.689 1.0712, 0.8108 0.689 1.1071, 0.8396 0.689 1.0712, 0.8396 0.689 1.1071, 0.8534 0.689 1.059, 0.8596 0.689 1.0581, 0.8108 0.689 1.0581, 0.7859 0.689 1.0581, 0.796 0.689 1.059, 0.8108 0.689 1.059, 0.8596 0.689 1.1667, 0.8534 0.689 1.1658, 0.8108 0.689 1.1658, 0.8793 0.689 1.1667, 0.8793 0.689 1.1645, 0.8748 0.689 1.1632, 0.8748 0.689 1.1488, 0.8973 0.689 1.0697, 0.8852 0.689 1.0719, 0.8793 0.689 1.1507, 0.8793 0.689 1.0746, 0.876 0.689 1.1494, 0.8748 0.689 1.0766, 0.935 0.689 1.088, 0.9298 0.689 1.0807, 0.9277 0.689 1.0787, 0.9207 0.689 1.0737, 0.929 0.689 1.1433, 0.9348 0.689 1.1352, 0.9217 0.689 1.1493, 0.9133 0.689 1.1532, 0.8868 0.689 1.1536, 0.8999 0.689 1.1551, 0.9401 0.689 1.1072, 0.9041 0.689 1.155, 0.9402 0.689 1.1112, 0.9384 0.689 1.126, 0.9131 0.689 1.0708, 0.9023 0.689 1.0695, 0.9384 0.689 1.0966, 0.8999 0.689 1.1676, 0.8887 0.689 1.1667, 0.8859 0.689 1.1664, 0.9001 0.689 1.1676, 0.8793 0.689 1.2992, 0.9074 0.689 1.1667, 0.9499 0.689 1.2992, 0.9499 0.689 1.1349, 0.947 0.689 1.1417, 0.9499 0.689 1.1667, 0.9393 0.689 1.1518, 0.9367 0.689 1.1543, 0.9268 0.689 1.1613, 0.9156 0.689 1.1657, 0.9521 0.689 1.1299, 0.9563 0.689 1.1667, 0.9545 0.689 1.1159, 0.9547 0.689 1.1104, 0.9563 0.689 1.0581, 0.9525 0.689 1.0928, 0.9223 0.689 1.0599, 0.9324 0.689 1.0646, 0.9499 0.689 1.0581, 0.941 0.689 1.0718, 0.9482 0.689 1.0817, 0.9499 0.689 1.0862, 0.9137 0.689 1.0581, 0.9499 0.689 1.0268, 0.9108 0.689 1.0575, 0.9043 0.689 1.0572, 0.8793 0.689 1.0268, 0.8949 0.689 1.0581, 0.8748 0.689 1.0634, 0.8766 0.689 1.0625, 0.8793 0.689 1.0581, 0.8793 0.689 1.0616, 0.8881 0.689 1.0588, 0.534 0.689 0.8896, 0.5493 0.689 0.8896, 0.5522 0.689 0.8887, 0.4684 0.689 0.8896, 0.4793 0.689 0.9188, 0.5238 0.689 0.9188, 0.5522 0.689 1.0268, 0.5086 0.689 0.9964, 0.4939 0.689 0.9964, 0.4532 0.689 0.8896, -0.6691 0.689 0.8887, -1.5748 0.689 1.0268, -1.7913 0.689 1.0268, -1.7913 0.689 1.0367, -1.5748 0.689 1.0581, -1.7753 0.689 1.0581, -1.6939 0.689 1.1667, -1.5748 0.689 1.1667, -1.5945 0.689 1.2992, -1.5748 0.689 1.2992, -1.1024 0.689 0.5118, -1.1024 0.689 0.3937, -1.7126 0.689 0.3937, -0.8661 0.689 0.5118, -0.6691 0.689 0.8465, -0.8661 0.689 0.3937, -0.6691 0.689 0.3937, -0.1181 0.689 0.3937, -0.1181 0.689 0.5118, 0.1181 0.689 0.5118, 0.5522 0.689 0.8465, 0.1181 0.689 0.3937, 0.8596 0.689 0.8465, 0.8793 0.689 0.8465, 0.8793 0.689 0.5118, 0.9499 0.689 0.5118, 0.9499 0.689 0.8465, 0.9563 0.689 0.5118, 0.9563 0.689 0.8465, -1.7913 0.689 0.8887, -1.5748 0.689 0.9449, -0.6691 0.689 0.9449, 0.315 0.689 0.9449, 0.315 0.689 1.0268, 0.315 0.689 1.0581, 0.315 0.689 1.1667, 0.9398 0.689 0.926, 0.9377 0.689 0.9476, 0.9424 0.689 0.9221, 0.9443 0.689 0.9174, 0.8793 0.689 0.8887, 0.8839 0.689 0.8896, 0.8973 0.689 0.8896, 0.9291 0.689 0.8888, 0.9342 0.689 0.8908, 0.9499 0.689 0.8887, 0.9428 0.689 0.8994, 0.9445 0.689 0.9039, 0.9081 0.689 0.9563, 0.9127 0.689 0.9568, 0.9199 0.689 0.9349, 0.9357 0.689 0.9295, 0.93 0.689 0.9324, 0.9284 0.689 0.9534, 0.9201 0.689 0.9561, 0.9386 0.689 0.8938, 0.94 0.689 0.8953, 0.9035 0.689 0.9669, 0.8979 0.689 0.9652, 0.8934 0.689 0.9627, 0.8898 0.689 0.9593, 0.8973 0.689 0.9014, 0.8976 0.689 0.9014, 0.8998 0.689 0.8981, 0.904 0.689 0.8936, 0.8871 0.689 0.955, 0.885 0.689 0.949, 0.8839 0.689 0.9387, 0.9451 0.689 0.9101, 0.9451 0.689 0.9116, 0.9377 0.689 0.9605, 0.935 0.689 0.9621, 0.9251 0.689 0.966, 0.9114 0.689 0.9676, 0.8973 0.689 0.9381, 0.8977 0.689 0.9439, 0.8991 0.689 0.9487, 0.9006 0.689 0.9515, 0.9027 0.689 0.9537, 0.905 0.689 0.9552, 0.9138 0.689 0.8887, 0.9144 0.689 0.8885, 0.9286 0.689 0.8887, 0.9215 0.689 0.8878, 0.921 0.689 0.8878, 0.8634 0.689 0.9357, 0.865 0.689 0.9397, 0.8658 0.689 0.9061, 0.861 0.689 0.9031, 0.8596 0.689 0.9026, 0.8596 0.689 0.9309, 0.8619 0.689 0.9333, 0.8596 0.689 1.0268, 0.8614 0.689 0.9577, 0.8597 0.689 0.931, 0.8657 0.689 0.9453, 0.8652 0.689 0.9497, 0.8637 0.689 0.9541, 0.8537 0.689 0.8887, 0.8564 0.689 0.889, 0.8596 0.689 0.8887, 0.8596 0.689 0.8901, 0.8658 0.689 0.8923, 0.8179 0.689 0.9643, 0.8179 0.689 0.9513, 0.8187 0.689 0.923, 0.8165 0.689 0.9197, 0.8163 0.689 0.9012, 0.8187 0.689 0.8976, 0.8596 0.689 0.9593, 0.8571 0.689 0.9616, 0.8539 0.689 0.9636, 0.8467 0.689 0.9663, 0.836 0.689 0.9676, 0.8108 0.689 1.0268, 0.8266 0.689 0.9668, 0.8229 0.689 0.8939, 0.8259 0.689 0.892, 0.8149 0.689 0.9159, 0.8143 0.689 0.9104, 0.8148 0.689 0.9054, 0.8373 0.689 0.9568, 0.8413 0.689 0.9565, 0.8519 0.689 0.9465, 0.8448 0.689 0.9555, 0.8478 0.689 0.9539, 0.8518 0.689 0.9447, 0.8512 0.689 0.9427, 0.8503 0.689 0.9409, 0.849 0.689 0.9394, 0.8443 0.689 0.9365, 0.8279 0.689 0.9556, 0.836 0.689 0.9329, 0.8204 0.689 0.9527, 0.8308 0.689 0.9308, 0.8219 0.689 0.9258, 0.8498 0.689 0.9522, 0.851 0.689 0.9505, 0.8517 0.689 0.9486, 0.8526 0.689 0.8998, 0.8454 0.689 0.9232, 0.8534 0.689 0.9268, 0.8438 0.689 0.8988, 0.8432 0.689 0.8988, 0.8366 0.689 0.9195, 0.8363 0.689 0.8995, 0.828 0.689 0.9091, 0.8281 0.689 0.9107, 0.8329 0.689 0.9008, 0.8317 0.689 0.9015, 0.8301 0.689 0.9029, 0.8289 0.689 0.9046, 0.8283 0.689 0.9065, 0.8287 0.689 0.9128, 0.8298 0.689 0.9146, 0.8314 0.689 0.9163, 0.7197 0.689 0.9964, 0.6859 0.689 0.9964, 0.6859 0.689 1.0268, 0.7724 0.689 0.9086, 0.7708 0.689 0.9023, 0.7704 0.689 0.9023, 0.7341 0.689 0.9659, 0.7859 0.689 1.0268, 0.748 0.689 0.9659, 0.7859 0.689 0.9473, 0.7688 0.689 0.9085, 0.7698 0.689 0.9049, 0.7859 0.689 0.8887, 0.7859 0.689 0.9114, 0.8073 0.689 0.9659, 0.7924 0.689 0.9659, 0.7774 0.689 0.8898, 0.7778 0.689 0.8887, 0.7833 0.689 0.8759, 0.8108 0.689 0.8465, 0.8045 0.689 0.8548, 0.8045 0.689 0.8667, 0.8451 0.689 0.8878, 0.8018 0.689 0.8658, 0.797 0.689 0.8652, 0.7944 0.689 0.8654, 0.7915 0.689 0.8663, 0.789 0.689 0.8679, 0.7903 0.689 0.8544, 0.7959 0.689 0.8537, 0.7989 0.689 0.8538, 0.7862 0.689 0.8707, 0.7859 0.689 0.8713, 0.7687 0.689 0.8781, 0.7689 0.689 0.8775, 0.6859 0.689 0.8465, 0.7645 0.689 0.8887, 0.7754 0.689 0.8655, 0.7803 0.689 0.8599, 0.7804 0.689 0.8598, 0.6647 0.689 0.9964, 0.6647 0.689 0.9841, 0.6522 0.689 1.0268, 0.6623 0.689 0.9018, 0.6522 0.689 0.8887, 0.6623 0.689 0.8896, 0.6859 0.689 0.8887, 0.6859 0.689 0.8896, 0.7197 0.689 0.8896, 0.7059 0.689 0.9841, 0.7059 0.689 0.95, 0.6859 0.689 0.9841, 0.6859 0.689 0.95, 0.6677 0.689 0.95, 0.6677 0.689 0.9377, 0.6859 0.689 0.9018, 0.6859 0.689 0.9377, 0.7059 0.689 0.9018, 0.7059 0.689 0.9377, 1.0016 0.689 1.1658, 1.0016 0.689 1.0712, 0.9591 0.689 1.0712, 1.0154 0.689 1.1658, 0.9591 0.689 1.059, 1.0154 0.689 1.059, 0.9563 0.689 1.0268, 0.9604 0.689 0.9841, 0.9579 0.689 0.9018, 0.9563 0.689 0.8887, 0.9579 0.689 0.8896, 1.0154 0.689 0.8896, 1.0016 0.689 0.9377, 1.0016 0.689 0.9018, 0.9634 0.689 0.9377, 0.9634 0.689 0.95, 1.0016 0.689 0.95, 1.0016 0.689 0.9841, 1.0154 0.689 0.9964, 0.9604 0.689 0.9964, 0.9563 0.689 1.2992, 0.9089 0.689 0.8904, 0.6918 0.689 1.0945, 0.697 0.689 1.0834, 0.705 0.689 1.074, 0.716 0.689 1.066, 0.7454 0.689 1.1658, 0.7291 0.689 1.164, 0.7162 0.689 1.1593, 0.7282 0.689 1.0613, 0.7464 0.689 1.059, 0.7758 0.689 1.059, 0.7758 0.689 1.1658, 0.705 0.689 1.1516, 0.7013 0.689 1.148, 0.6947 0.689 1.1387, 0.6907 0.689 1.1286, 0.6889 0.689 1.1137, 0.6892 0.689 1.107, 0.8596 0.689 1.2992, 0.8108 0.689 1.2992, 0.7859 0.689 1.2992, 0.6859 0.689 1.2992, 0.6522 0.689 1.2992, 0.5522 0.689 1.2992, 0.315 0.689 1.2992, 0.5954 0.689 0.9946, 0.5825 0.689 0.9899, 0.5581 0.689 0.9251, 0.5633 0.689 0.9141, 0.5713 0.689 0.9046, 0.5823 0.689 0.8967, 0.5945 0.689 0.8919, 0.6128 0.689 0.8896, 0.6421 0.689 0.8896, 0.6421 0.689 0.9964, 0.6117 0.689 0.9964, 0.613 0.689 1.0882, 0.5713 0.689 0.9823, 0.5676 0.689 0.9787, 0.561 0.689 0.9694, 0.557 0.689 0.9592, 0.5552 0.689 0.9444, 0.5555 0.689 0.9376, 0.8108 0.689 0.3937, 0.7859 0.689 0.3937, 0.6859 0.689 0.3937, 0.6522 0.689 0.8465, 0.6522 0.689 0.3937, 0.5522 0.689 0.3937, 0.315 -0.4921 0.9449, -1.5748 -0.4921 0.9449, 0.315 -0.689 0.9449, -1.5748 -0.689 0.9449, 0.315 -0.4921 1.2992, -1.5748 -0.4921 1.2992, 1.1024 -0.689 0.5118, 1.1024 -0.689 0.3937, 1.7126 -0.689 0.3937, -1.7913 -0.689 1.0367, -1.7913 -0.689 0.7874, -1.7126 -0.689 0.7874, -1.5748 -0.689 1.2992, -1.5945 -0.689 1.2992, -1.7126 -0.689 0.3937, -1.1024 -0.689 0.3937, 1.5945 -0.689 1.2992, 0.315 -0.689 1.2992, 1.7913 -0.689 1.0367, 1.7126 -0.689 0.7874, 1.7913 -0.689 0.7874, -1.1024 -0.689 0.5118, -0.8661 -0.689 0.3937, -0.1181 -0.689 0.3937, -0.8661 -0.689 0.5118, -0.1181 -0.689 0.5118, 0.1181 -0.689 0.5118, 0.8661 -0.689 0.5118, 0.8661 -0.689 0.3937, 0.1181 -0.689 0.3937, -1.5748 0.4921 1.2992, 0.689 0.3346 1.2992, 0.689 -0.3346 1.2992, -0.689 -0.3346 1.2992, 0.315 0.4921 1.2992, -0.689 0.3346 1.2992, 1.5748 0.4921 0.122, 1.4764 0.4134 0.122, 1.2795 0.4134 0.122, -1.2795 0.2165 0.122, -1.2795 -0.2165 0.122, -1.4764 0.2165 0.122, -1.4764 -0.2165 0.122, -1.4764 0.4134 0.122, -1.5748 0.4921 0.122, -1.2795 0.4134 0.122, -1.5748 -0.4921 0.122, -1.4764 -0.4134 0.122, -1.2795 -0.4134 0.122, 1.4764 -0.2165 0.122, 1.5748 -0.4921 0.122, 1.2795 0.2165 0.122, 1.4764 0.2165 0.122, 1.2795 -0.2165 0.122, 1.2795 -0.4134 0.122, 1.4764 -0.4134 0.122, 1.7126 0.374 0.7874, 1.7126 -0.374 0.7874, 1.7126 -0.374 1.1417, 1.7126 0.374 1.1417, -1.7126 0.374 0.7874, -1.7126 -0.374 0.7874, -1.7126 -0.374 1.1417, -1.7126 0.374 1.1417, 1.5748 0.4921 0.3937, -1.5748 0.4921 0.3937, -0.1181 0.7257 0.3937, 0.1181 0.7257 0.3937, -0.8661 0.7257 0.3937, -1.1024 0.7257 0.3937, -1.5748 -0.4921 0.3937, 1.5748 -0.4921 0.3937, 0.8661 0.7257 0.3937, 1.1024 0.7257 0.3937, 0.1181 -0.7257 0.3937, -0.1181 -0.7257 0.3937, 0.8661 -0.7257 0.3937, 1.1024 -0.7257 0.3937, -0.8661 -0.7257 0.3937, -1.1024 -0.7257 0.3937, -1.7913 -0.374 1.0367, -1.7913 0.374 1.0367, -1.7913 -0.374 0.7874, -1.7913 0.374 0.7874, 1.7913 0.374 1.0367, 1.7913 -0.374 1.0367, 1.7913 -0.374 0.7874, 1.7913 0.374 0.7874
            ]
        }
        coordIndex [
            0,1,2,-1,3,4,5,-1,6,7,8,-1,9,10,11,-1,12,13,14,-1,15,16,17,-1,18,19,20,-1,20,19,21,-1,22,23,20,-1,20,23,24,-1,20,24,25,-1,25,26,20,-1,20,26,27,-1,20,27,18,-1,28,29,30,-1,30,29,31,-1,30,31,32,-1,32,31,33,-1,34,35,36,-1,33,31,37,-1,37,31,36,-1,37,36,38,-1,17,16,36,-1,36,16,39,-1,36,39,34,-1,35,40,36,-1,36,40,41,-1,36,41,38,-1,38,41,42,-1,38,42,43,-1,43,42,44,-1,43,44,45,-1,15,17,13,-1,13,17,46,-1,13,46,14,-1,47,48,49,-1,49,48,50,-1,50,51,49,-1,49,51,52,-1,49,52,53,-1,53,54,49,-1,49,54,55,-1,49,55,14,-1,14,55,56,-1,14,56,12,-1,47,49,57,-1,57,49,58,-1,57,58,59,-1,58,60,61,-1,62,63,64,-1,65,66,64,-1,64,66,67,-1,64,67,62,-1,62,67,68,-1,62,68,61,-1,61,68,69,-1,61,69,58,-1,58,69,70,-1,58,70,59,-1,71,72,64,-1,64,72,73,-1,64,73,65,-1,74,75,72,-1,72,75,76,-1,72,76,77,-1,77,78,72,-1,72,78,79,-1,72,79,73,-1,80,81,82,-1,82,81,83,-1,84,85,81,-1,81,85,86,-1,81,86,87,-1,88,89,75,-1,75,89,90,-1,75,90,91,-1,92,93,94,-1,94,93,95,-1,96,97,74,-1,74,97,98,-1,74,98,99,-1,100,101,102,-1,102,101,103,-1,102,103,104,-1,105,87,106,-1,106,87,107,-1,106,107,102,-1,102,107,108,-1,102,108,100,-1,109,110,111,-1,111,110,112,-1,111,112,74,-1,74,112,113,-1,74,113,96,-1,99,114,74,-1,74,114,115,-1,74,115,75,-1,75,115,116,-1,75,116,88,-1,117,118,119,-1,119,118,120,-1,119,120,94,-1,94,120,121,-1,94,121,92,-1,105,122,87,-1,87,122,123,-1,87,123,81,-1,81,123,124,-1,81,124,83,-1,91,125,75,-1,75,125,126,-1,75,126,127,-1,127,126,117,-1,127,117,128,-1,128,117,119,-1,95,129,94,-1,94,129,130,-1,94,130,131,-1,132,133,94,-1,94,133,134,-1,94,134,81,-1,81,134,135,-1,81,135,84,-1,131,136,94,-1,94,136,137,-1,94,137,138,-1,138,139,94,-1,94,139,140,-1,94,140,132,-1,141,142,143,-1,143,87,141,-1,141,87,86,-1,141,86,144,-1,144,86,145,-1,145,146,144,-1,144,146,147,-1,144,147,148,-1,149,150,151,-1,152,153,150,-1,153,154,150,-1,150,154,155,-1,150,155,156,-1,151,157,149,-1,149,157,158,-1,149,158,159,-1,142,141,149,-1,149,141,160,-1,149,160,150,-1,150,160,161,-1,150,161,152,-1,156,162,150,-1,150,162,163,-1,150,163,164,-1,164,163,165,-1,164,165,166,-1,166,165,167,-1,168,169,159,-1,159,169,170,-1,159,170,149,-1,19,171,21,-1,21,171,172,-1,21,172,111,-1,111,172,173,-1,111,173,109,-1,174,175,176,-1,175,174,177,-1,177,174,178,-1,177,178,179,-1,180,181,182,-1,183,184,185,-1,182,181,186,-1,186,181,187,-1,186,187,179,-1,179,187,188,-1,179,188,177,-1,189,190,191,-1,192,193,194,-1,194,193,195,-1,194,195,196,-1,196,195,197,-1,196,197,198,-1,198,197,199,-1,198,199,200,-1,200,199,201,-1,200,201,202,-1,202,201,203,-1,204,205,206,-1,189,196,190,-1,190,196,198,-1,190,198,207,-1,207,198,208,-1,207,208,206,-1,206,208,209,-1,206,209,204,-1,210,211,191,-1,191,211,212,-1,191,212,189,-1,213,214,210,-1,210,214,215,-1,210,215,216,-1,217,218,219,-1,219,218,220,-1,219,220,221,-1,221,220,222,-1,221,222,216,-1,216,222,205,-1,216,205,210,-1,210,205,204,-1,210,204,211,-1,223,224,219,-1,219,224,225,-1,219,225,226,-1,227,228,229,-1,229,228,230,-1,231,232,233,-1,233,232,234,-1,233,234,235,-1,235,234,230,-1,235,230,236,-1,236,230,228,-1,226,237,219,-1,219,237,238,-1,219,238,217,-1,231,233,219,-1,219,233,239,-1,219,239,223,-1,240,241,213,-1,213,241,242,-1,213,242,214,-1,243,244,245,-1,245,244,246,-1,247,248,249,-1,249,248,250,-1,250,251,249,-1,249,251,252,-1,249,252,253,-1,247,249,254,-1,254,249,255,-1,254,255,256,-1,256,255,257,-1,257,255,258,-1,257,258,259,-1,260,261,262,-1,261,263,262,-1,262,263,264,-1,262,264,265,-1,260,262,266,-1,266,262,267,-1,266,267,268,-1,268,267,269,-1,269,267,270,-1,269,270,271,-1,222,272,205,-1,205,272,273,-1,205,273,274,-1,274,273,275,-1,274,275,276,-1,277,278,279,-1,280,281,282,-1,279,278,283,-1,283,278,284,-1,283,284,285,-1,282,277,280,-1,280,277,279,-1,280,279,286,-1,286,279,287,-1,288,289,290,-1,288,290,291,-1,290,292,291,-1,291,292,293,-1,291,293,294,-1,294,293,295,-1,294,295,296,-1,297,298,299,-1,299,9,297,-1,297,9,11,-1,297,11,300,-1,300,11,301,-1,300,301,302,-1,302,301,303,-1,304,303,305,-1,305,303,301,-1,305,301,306,-1,306,301,307,-1,306,307,308,-1,309,310,311,-1,311,310,312,-1,312,310,313,-1,312,313,314,-1,71,314,315,-1,289,288,316,-1,316,288,317,-1,316,317,287,-1,287,317,318,-1,287,318,286,-1,286,318,319,-1,286,319,285,-1,285,319,320,-1,285,320,283,-1,283,320,321,-1,283,321,174,-1,174,321,322,-1,174,322,178,-1,323,324,325,-1,325,324,326,-1,327,328,329,-1,330,331,332,-1,332,333,334,-1,335,336,337,-1,323,338,324,-1,324,338,339,-1,324,339,340,-1,340,339,337,-1,340,337,341,-1,341,337,336,-1,331,342,332,-1,332,342,343,-1,332,343,333,-1,344,345,270,-1,270,345,346,-1,270,346,347,-1,348,349,329,-1,329,349,350,-1,329,350,351,-1,347,352,270,-1,270,352,353,-1,270,353,354,-1,334,355,332,-1,332,355,356,-1,332,356,267,-1,267,356,326,-1,267,326,357,-1,357,326,324,-1,357,358,267,-1,267,358,359,-1,267,359,270,-1,270,359,360,-1,270,360,344,-1,361,362,337,-1,337,362,363,-1,337,363,364,-1,364,365,337,-1,337,365,366,-1,337,366,335,-1,367,368,310,-1,330,332,369,-1,369,332,313,-1,369,313,370,-1,310,368,313,-1,313,368,371,-1,313,371,370,-1,372,373,374,-1,375,376,377,-1,372,374,378,-1,379,270,380,-1,375,377,374,-1,374,377,381,-1,374,381,378,-1,382,383,270,-1,270,383,384,-1,270,384,380,-1,373,382,374,-1,374,382,270,-1,374,270,327,-1,327,270,354,-1,327,354,328,-1,385,386,387,-1,387,386,388,-1,387,388,327,-1,327,388,389,-1,327,389,374,-1,390,391,5,-1,392,393,391,-1,394,395,5,-1,380,396,379,-1,379,396,397,-1,379,397,398,-1,398,399,379,-1,379,399,400,-1,379,400,401,-1,401,400,402,-1,401,402,390,-1,395,403,5,-1,5,403,404,-1,5,404,3,-1,393,405,391,-1,391,405,406,-1,391,406,5,-1,5,406,407,-1,5,407,394,-1,408,409,410,-1,410,409,411,-1,410,411,412,-1,410,413,408,-1,408,413,414,-1,408,414,415,-1,415,416,408,-1,408,416,417,-1,408,417,418,-1,418,417,419,-1,418,419,420,-1,420,419,421,-1,420,421,391,-1,391,421,422,-1,391,422,392,-1,423,424,412,-1,412,424,425,-1,412,425,410,-1,426,427,376,-1,376,427,428,-1,376,428,377,-1,426,429,427,-1,427,429,430,-1,427,430,431,-1,431,430,432,-1,431,433,434,-1,432,435,431,-1,431,435,436,-1,431,436,437,-1,437,438,431,-1,431,438,439,-1,431,439,433,-1,434,440,431,-1,431,440,441,-1,431,441,442,-1,443,444,445,-1,446,447,448,-1,449,450,451,-1,451,450,452,-1,451,452,453,-1,453,452,446,-1,453,446,454,-1,454,446,448,-1,455,456,5,-1,5,456,457,-1,390,5,401,-1,401,5,457,-1,401,457,450,-1,450,457,458,-1,450,458,452,-1,459,456,460,-1,460,456,455,-1,460,455,461,-1,462,463,464,-1,465,309,4,-1,4,309,462,-1,4,462,5,-1,5,462,464,-1,5,464,455,-1,455,464,466,-1,455,466,467,-1,467,468,455,-1,455,468,469,-1,455,469,470,-1,1,471,2,-1,2,471,472,-1,2,472,462,-1,462,472,473,-1,462,473,463,-1,470,474,455,-1,455,474,475,-1,455,475,461,-1,476,477,478,-1,476,478,479,-1,477,480,478,-1,478,480,481,-1,478,481,2,-1,2,481,482,-1,2,482,0,-1,483,484,485,-1,485,484,486,-1,485,486,487,-1,487,486,488,-1,487,488,489,-1,489,488,490,-1,489,490,491,-1,492,493,494,-1,494,493,495,-1,494,495,484,-1,484,495,496,-1,484,496,486,-1,486,496,497,-1,486,497,498,-1,498,497,499,-1,498,499,500,-1,500,499,501,-1,502,503,504,-1,20,505,502,-1,20,502,255,-1,255,502,504,-1,255,504,258,-1,258,504,506,-1,258,506,507,-1,505,20,507,-1,507,20,21,-1,507,21,258,-1,258,21,111,-1,258,111,508,-1,509,510,508,-1,508,510,511,-1,511,510,512,-1,511,512,513,-1,514,515,516,-1,516,515,510,-1,516,510,517,-1,517,510,509,-1,517,509,518,-1,518,509,519,-1,71,315,72,-1,72,315,511,-1,72,511,74,-1,74,511,513,-1,74,513,111,-1,111,513,520,-1,111,520,508,-1,508,520,521,-1,508,521,509,-1,28,22,29,-1,29,22,20,-1,29,20,522,-1,522,20,255,-1,522,255,246,-1,246,255,249,-1,246,249,245,-1,245,249,253,-1,314,313,315,-1,315,313,332,-1,315,332,511,-1,511,332,267,-1,511,267,508,-1,508,267,262,-1,508,262,258,-1,258,262,265,-1,258,265,259,-1,351,523,329,-1,329,523,367,-1,329,367,327,-1,327,367,310,-1,327,310,387,-1,387,310,309,-1,387,309,385,-1,385,309,465,-1,276,271,274,-1,274,271,270,-1,274,270,205,-1,205,270,379,-1,205,379,206,-1,206,379,401,-1,206,401,207,-1,207,401,450,-1,207,450,182,-1,524,525,182,-1,182,525,526,-1,182,526,527,-1,190,528,186,-1,186,528,529,-1,186,529,530,-1,527,531,182,-1,182,531,532,-1,182,532,207,-1,207,532,533,-1,207,533,190,-1,190,533,534,-1,190,534,528,-1,530,535,186,-1,186,535,536,-1,186,536,537,-1,537,538,186,-1,186,538,539,-1,186,539,182,-1,182,539,540,-1,182,540,524,-1,183,445,485,-1,485,445,444,-1,485,444,483,-1,243,240,244,-1,244,240,213,-1,244,213,541,-1,541,213,210,-1,541,210,542,-1,542,210,191,-1,542,191,543,-1,543,191,190,-1,543,190,544,-1,544,190,186,-1,544,186,545,-1,545,186,179,-1,545,179,546,-1,546,179,178,-1,546,178,547,-1,547,178,322,-1,548,549,283,-1,550,551,279,-1,279,551,552,-1,279,552,553,-1,553,554,279,-1,279,554,555,-1,279,555,487,-1,487,555,556,-1,487,556,485,-1,485,556,557,-1,485,557,558,-1,559,184,176,-1,176,184,183,-1,176,183,174,-1,174,183,485,-1,174,485,283,-1,283,485,558,-1,283,558,548,-1,549,560,283,-1,283,560,561,-1,283,561,562,-1,562,563,283,-1,283,563,564,-1,283,564,279,-1,279,564,565,-1,279,565,550,-1,311,6,309,-1,309,6,8,-1,309,8,462,-1,462,8,566,-1,462,566,2,-1,2,566,567,-1,2,567,478,-1,478,567,568,-1,478,568,569,-1,569,568,570,-1,569,570,307,-1,307,570,571,-1,307,571,308,-1,185,180,183,-1,183,180,182,-1,183,182,445,-1,445,182,450,-1,445,450,443,-1,443,450,449,-1,443,449,491,-1,491,449,479,-1,491,479,489,-1,489,479,478,-1,489,478,487,-1,487,478,569,-1,487,569,279,-1,279,569,307,-1,279,307,287,-1,287,307,301,-1,287,301,316,-1,316,301,11,-1,572,573,574,-1,574,573,575,-1,576,577,572,-1,572,577,573,-1,578,579,580,-1,581,582,583,-1,575,584,585,-1,583,586,587,-1,588,589,590,-1,590,589,591,-1,590,591,592,-1,585,581,575,-1,575,581,583,-1,575,583,593,-1,593,583,587,-1,594,595,596,-1,596,595,597,-1,598,574,597,-1,597,574,575,-1,597,575,596,-1,596,575,593,-1,580,591,578,-1,578,591,589,-1,578,589,599,-1,599,589,574,-1,599,574,600,-1,600,574,598,-1,600,598,601,-1,576,589,588,-1,296,295,602,-1,602,295,585,-1,602,585,577,-1,577,585,584,-1,31,603,588,-1,588,603,604,-1,588,604,576,-1,576,604,605,-1,31,547,603,-1,603,547,606,-1,603,606,607,-1,607,606,602,-1,607,602,605,-1,605,602,577,-1,605,577,576,-1,608,609,610,-1,611,612,613,-1,613,612,614,-1,615,616,617,-1,617,616,608,-1,617,608,611,-1,615,613,616,-1,616,613,614,-1,616,614,618,-1,618,614,619,-1,618,619,620,-1,621,608,622,-1,611,608,612,-1,612,608,610,-1,612,610,620,-1,620,610,623,-1,620,623,618,-1,609,608,624,-1,624,608,621,-1,624,621,623,-1,623,621,625,-1,623,625,618,-1,618,625,626,-1,618,626,622,-1,622,626,627,-1,622,627,621,-1,62,61,580,-1,580,61,628,-1,591,580,629,-1,629,580,628,-1,629,628,630,-1,630,628,631,-1,632,9,299,-1,586,583,633,-1,634,635,633,-1,633,635,632,-1,633,632,586,-1,586,632,299,-1,298,636,637,-1,304,638,639,-1,308,7,636,-1,639,308,304,-1,304,308,636,-1,304,636,302,-1,302,636,298,-1,302,298,640,-1,640,298,641,-1,579,642,643,-1,644,645,7,-1,7,645,63,-1,7,63,636,-1,636,63,62,-1,636,62,643,-1,643,62,580,-1,643,580,579,-1,601,646,647,-1,595,594,642,-1,647,595,601,-1,601,595,642,-1,601,642,600,-1,600,642,579,-1,600,579,648,-1,648,579,649,-1,650,651,594,-1,594,651,587,-1,594,587,642,-1,642,587,586,-1,642,586,637,-1,637,586,299,-1,637,299,298,-1,652,581,634,-1,634,581,585,-1,634,585,635,-1,635,585,295,-1,635,295,653,-1,653,295,290,-1,583,582,633,-1,633,582,654,-1,652,654,581,-1,581,654,582,-1,633,654,634,-1,634,654,652,-1,655,653,10,-1,10,653,290,-1,655,10,632,-1,632,10,9,-1,635,653,632,-1,632,653,655,-1,656,46,631,-1,631,46,31,-1,631,31,630,-1,630,31,588,-1,630,588,657,-1,657,588,590,-1,658,657,592,-1,592,657,590,-1,658,592,629,-1,629,592,591,-1,630,657,629,-1,629,657,658,-1,61,60,628,-1,628,60,659,-1,656,659,46,-1,46,659,60,-1,628,659,631,-1,631,659,656,-1,616,637,608,-1,608,637,636,-1,618,642,616,-1,616,642,637,-1,622,643,618,-1,618,643,642,-1,608,636,622,-1,622,636,643,-1,
        ]
    }
}
Shape{
    appearance Appearance {
        material  Material 	{
            diffuseColor 0.7529411764705882 0.7529411764705882 0.7529411764705882
            specularColor 0.3764705882352941 0.3764705882352941 0.3764705882352941
            ambientIntensity 0.7529
            transparency 0.0
            shininess 0.5
        }
    }
    geometry IndexedFaceSet {
        ccw TRUE
        solid FALSE
        coord DEF co Coordinate {
            point [
                1.1024 -0.7257 0.5118, 1.1024 -0.689 0.5118, 0.8661 -0.7257 0.5118, 0.8661 -0.689 0.5118, 0.8661 -0.7545 0.5083, 1.1024 -0.7545 0.5083, 0.8661 -0.7818 0.4982, 1.1024 -0.7818 0.4982, 0.8661 -0.8058 0.4818, 1.1024 -0.8058 0.4818, 0.8661 -0.8253 0.4603, 1.1024 -0.8253 0.4603, 0.8661 -0.8391 0.4347, 1.1024 -0.8391 0.4347, 1.1024 -0.9646 0.1181, 0.8661 -0.9646 0.1181, 1.1024 -1.3583 0.1181, 0.8661 -1.3583 0.1181, 1.1024 -1.3583 0.0, 0.8661 -1.3583 0.0, 1.1024 -0.9646 0.0, 0.8661 -0.9646 0.0, 0.8661 -0.9366 0.0033, 1.1024 -0.9366 0.0033, 0.8661 -0.9103 0.0132, 1.1024 -0.9103 0.0132, 0.8661 -0.887 0.029, 1.1024 -0.887 0.029, 0.8661 -0.8682 0.0499, 1.1024 -0.8682 0.0499, 0.8661 -0.8548 0.0746, 1.1024 -0.8548 0.0746, 1.1024 -0.7293 0.3912, 0.8661 -0.7293 0.3912, 1.1024 -0.7289 0.392, 0.8661 -0.7289 0.392, 1.1024 -0.7283 0.3927, 0.8661 -0.7283 0.3927, 1.1024 -0.7275 0.3933, 0.8661 -0.7275 0.3933, 1.1024 -0.7266 0.3936, 0.8661 -0.7266 0.3936, 1.1024 -0.7257 0.3937, 0.8661 -0.7257 0.3937, 1.1024 -0.689 0.3937, 0.8661 -0.689 0.3937, 0.1181 -0.7257 0.5118, 0.1181 -0.689 0.5118, -0.1181 -0.7257 0.5118, -0.1181 -0.689 0.5118, -0.1181 -0.7545 0.5083, 0.1181 -0.7545 0.5083, -0.1181 -0.7818 0.4982, 0.1181 -0.7818 0.4982, -0.1181 -0.8058 0.4818, 0.1181 -0.8058 0.4818, -0.1181 -0.8253 0.4603, 0.1181 -0.8253 0.4603, -0.1181 -0.8391 0.4347, 0.1181 -0.8391 0.4347, 0.1181 -0.9646 0.1181, -0.1181 -0.9646 0.1181, 0.1181 -1.3583 0.1181, -0.1181 -1.3583 0.1181, 0.1181 -1.3583 0.0, -0.1181 -1.3583 0.0, 0.1181 -0.9646 0.0, -0.1181 -0.9646 0.0, -0.1181 -0.9366 0.0033, 0.1181 -0.9366 0.0033, -0.1181 -0.9103 0.0132, 0.1181 -0.9103 0.0132, -0.1181 -0.887 0.029, 0.1181 -0.887 0.029, -0.1181 -0.8682 0.0499, 0.1181 -0.8682 0.0499, -0.1181 -0.8548 0.0746, 0.1181 -0.8548 0.0746, 0.1181 -0.7293 0.3912, -0.1181 -0.7293 0.3912, 0.1181 -0.7289 0.392, -0.1181 -0.7289 0.392, 0.1181 -0.7283 0.3927, -0.1181 -0.7283 0.3927, 0.1181 -0.7275 0.3933, -0.1181 -0.7275 0.3933, 0.1181 -0.7266 0.3936, -0.1181 -0.7266 0.3936, 0.1181 -0.7257 0.3937, -0.1181 -0.7257 0.3937, 0.1181 -0.689 0.3937, -0.1181 -0.689 0.3937, -0.8661 -0.7257 0.5118, -0.8661 -0.689 0.5118, -1.1024 -0.7257 0.5118, -1.1024 -0.689 0.5118, -1.1024 -0.7545 0.5083, -0.8661 -0.7545 0.5083, -1.1024 -0.7818 0.4982, -0.8661 -0.7818 0.4982, -1.1024 -0.8058 0.4818, -0.8661 -0.8058 0.4818, -1.1024 -0.8253 0.4603, -0.8661 -0.8253 0.4603, -1.1024 -0.8391 0.4347, -0.8661 -0.8391 0.4347, -0.8661 -0.9646 0.1181, -1.1024 -0.9646 0.1181, -0.8661 -1.3583 0.1181, -1.1024 -1.3583 0.1181, -0.8661 -1.3583 0.0, -1.1024 -1.3583 0.0, -0.8661 -0.9646 0.0, -1.1024 -0.9646 0.0, -1.1024 -0.9366 0.0033, -0.8661 -0.9366 0.0033, -1.1024 -0.9103 0.0132, -0.8661 -0.9103 0.0132, -1.1024 -0.887 0.029, -0.8661 -0.887 0.029, -1.1024 -0.8682 0.0499, -0.8661 -0.8682 0.0499, -1.1024 -0.8548 0.0746, -0.8661 -0.8548 0.0746, -0.8661 -0.7293 0.3912, -1.1024 -0.7293 0.3912, -0.8661 -0.7289 0.392, -1.1024 -0.7289 0.392, -0.8661 -0.7283 0.3927, -1.1024 -0.7283 0.3927, -0.8661 -0.7275 0.3933, -1.1024 -0.7275 0.3933, -0.8661 -0.7266 0.3936, -1.1024 -0.7266 0.3936, -0.8661 -0.7257 0.3937, -1.1024 -0.7257 0.3937, -0.8661 -0.689 0.3937, -1.1024 -0.689 0.3937
            ]
        }
        coordIndex [
            0,1,2,-1,2,1,3,-1,0,2,4,-1,0,4,5,-1,5,4,6,-1,5,6,7,-1,7,6,8,-1,7,8,9,-1,9,8,10,-1,9,10,11,-1,11,10,12,-1,11,12,13,-1,14,13,15,-1,15,13,12,-1,16,14,17,-1,17,14,15,-1,18,16,19,-1,19,16,17,-1,20,18,21,-1,21,18,19,-1,20,21,22,-1,20,22,23,-1,23,22,24,-1,23,24,25,-1,25,24,26,-1,25,26,27,-1,27,26,28,-1,27,28,29,-1,29,28,30,-1,29,30,31,-1,32,31,33,-1,33,31,30,-1,32,33,34,-1,34,33,35,-1,34,35,36,-1,36,35,37,-1,36,37,38,-1,38,37,39,-1,38,39,40,-1,40,39,41,-1,40,41,42,-1,42,41,43,-1,16,18,14,-1,14,18,20,-1,20,23,14,-1,14,23,25,-1,14,25,27,-1,44,1,42,-1,42,1,0,-1,42,0,40,-1,40,0,5,-1,40,5,38,-1,38,5,7,-1,38,7,36,-1,36,7,9,-1,36,9,34,-1,34,9,11,-1,34,11,32,-1,32,11,13,-1,32,13,31,-1,31,13,14,-1,31,14,29,-1,29,14,27,-1,28,26,15,-1,19,17,21,-1,21,17,15,-1,26,24,15,-1,15,24,22,-1,15,22,21,-1,3,45,2,-1,2,45,43,-1,2,43,4,-1,4,43,41,-1,4,41,6,-1,6,41,39,-1,6,39,8,-1,8,39,37,-1,8,37,10,-1,10,37,35,-1,10,35,12,-1,12,35,33,-1,12,33,15,-1,15,33,30,-1,15,30,28,-1,46,47,48,-1,48,47,49,-1,46,48,50,-1,46,50,51,-1,51,50,52,-1,51,52,53,-1,53,52,54,-1,53,54,55,-1,55,54,56,-1,55,56,57,-1,57,56,58,-1,57,58,59,-1,60,59,61,-1,61,59,58,-1,62,60,63,-1,63,60,61,-1,64,62,65,-1,65,62,63,-1,66,64,67,-1,67,64,65,-1,66,67,68,-1,66,68,69,-1,69,68,70,-1,69,70,71,-1,71,70,72,-1,71,72,73,-1,73,72,74,-1,73,74,75,-1,75,74,76,-1,75,76,77,-1,78,77,79,-1,79,77,76,-1,78,79,80,-1,80,79,81,-1,80,81,82,-1,82,81,83,-1,82,83,84,-1,84,83,85,-1,84,85,86,-1,86,85,87,-1,86,87,88,-1,88,87,89,-1,62,64,60,-1,60,64,66,-1,66,69,60,-1,60,69,71,-1,60,71,73,-1,90,47,88,-1,88,47,46,-1,88,46,86,-1,86,46,51,-1,86,51,84,-1,84,51,53,-1,84,53,82,-1,82,53,55,-1,82,55,80,-1,80,55,57,-1,80,57,78,-1,78,57,59,-1,78,59,77,-1,77,59,60,-1,77,60,75,-1,75,60,73,-1,74,72,61,-1,65,63,67,-1,67,63,61,-1,72,70,61,-1,61,70,68,-1,61,68,67,-1,49,91,48,-1,48,91,89,-1,48,89,50,-1,50,89,87,-1,50,87,52,-1,52,87,85,-1,52,85,54,-1,54,85,83,-1,54,83,56,-1,56,83,81,-1,56,81,58,-1,58,81,79,-1,58,79,61,-1,61,79,76,-1,61,76,74,-1,92,93,94,-1,94,93,95,-1,92,94,96,-1,92,96,97,-1,97,96,98,-1,97,98,99,-1,99,98,100,-1,99,100,101,-1,101,100,102,-1,101,102,103,-1,103,102,104,-1,103,104,105,-1,106,105,107,-1,107,105,104,-1,108,106,109,-1,109,106,107,-1,110,108,111,-1,111,108,109,-1,112,110,113,-1,113,110,111,-1,112,113,114,-1,112,114,115,-1,115,114,116,-1,115,116,117,-1,117,116,118,-1,117,118,119,-1,119,118,120,-1,119,120,121,-1,121,120,122,-1,121,122,123,-1,124,123,125,-1,125,123,122,-1,124,125,126,-1,126,125,127,-1,126,127,128,-1,128,127,129,-1,128,129,130,-1,130,129,131,-1,130,131,132,-1,132,131,133,-1,132,133,134,-1,134,133,135,-1,108,110,106,-1,106,110,112,-1,112,115,106,-1,106,115,117,-1,106,117,119,-1,136,93,134,-1,134,93,92,-1,134,92,132,-1,132,92,97,-1,132,97,130,-1,130,97,99,-1,130,99,128,-1,128,99,101,-1,128,101,126,-1,126,101,103,-1,126,103,124,-1,124,103,105,-1,124,105,123,-1,123,105,106,-1,123,106,121,-1,121,106,119,-1,120,118,107,-1,111,109,113,-1,113,109,107,-1,118,116,107,-1,107,116,114,-1,107,114,113,-1,95,137,94,-1,94,137,135,-1,94,135,96,-1,96,135,133,-1,96,133,98,-1,98,133,131,-1,98,131,100,-1,100,131,129,-1,100,129,102,-1,102,129,127,-1,102,127,104,-1,104,127,125,-1,104,125,107,-1,107,125,122,-1,107,122,120,-1,
        ]
    }
}
Shape{
    appearance Appearance {
        material  Material 	{
            diffuseColor 0.25098039215686274 0.25098039215686274 0.25098039215686274
            specularColor 0.12549019607843137 0.12549019607843137 0.12549019607843137
            ambientIntensity 0.251
            transparency 0.0
            shininess 0.5
        }
    }
    geometry IndexedFaceSet {
        ccw TRUE
        solid FALSE
        coord DEF co Coordinate {
            point [
                1.4764 -0.2165 0.0433, 1.4764 -0.2165 0.122, 1.4764 -0.4134 0.0433, 1.4764 -0.4134 0.122, 1.2795 -0.4134 0.0433, 1.2795 -0.4134 0.122, 1.2795 -0.2165 0.0433, 1.2795 -0.2165 0.122, 1.4658 -0.2271 0.0039, 1.4658 -0.4028 0.0039, 1.2901 -0.2271 0.0039, 1.2901 -0.4028 0.0039, 1.2795 0.2165 0.0433, 1.2795 0.2165 0.122, 1.2795 0.4134 0.0433, 1.2795 0.4134 0.122, 1.4764 0.4134 0.0433, 1.4764 0.4134 0.122, 1.4764 0.2165 0.0433, 1.4764 0.2165 0.122, 1.2901 0.2271 0.0039, 1.2901 0.4028 0.0039, 1.4658 0.2271 0.0039, 1.4658 0.4028 0.0039, -1.2795 -0.2165 0.0433, -1.2795 -0.2165 0.122, -1.2795 -0.4134 0.0433, -1.2795 -0.4134 0.122, -1.4764 -0.4134 0.0433, -1.4764 -0.4134 0.122, -1.4764 -0.2165 0.0433, -1.4764 -0.2165 0.122, -1.2901 -0.2271 0.0039, -1.2901 -0.4028 0.0039, -1.4658 -0.2271 0.0039, -1.4658 -0.4028 0.0039, -1.2795 0.2165 0.0433, -1.2795 0.2165 0.122, -1.4764 0.2165 0.0433, -1.4764 0.2165 0.122, -1.4764 0.4134 0.0433, -1.4764 0.4134 0.122, -1.2795 0.4134 0.0433, -1.2795 0.4134 0.122, -1.2901 0.2271 0.0039, -1.4658 0.2271 0.0039, -1.2901 0.4028 0.0039, -1.4658 0.4028 0.0039
            ]
        }
        coordIndex [
            0,1,2,-1,2,1,3,-1,2,3,4,-1,4,3,5,-1,4,5,6,-1,6,5,7,-1,6,7,0,-1,0,7,1,-1,8,9,10,-1,10,9,11,-1,12,13,14,-1,14,13,15,-1,14,15,16,-1,16,15,17,-1,16,17,18,-1,18,17,19,-1,18,19,12,-1,12,19,13,-1,20,21,22,-1,22,21,23,-1,24,25,26,-1,26,25,27,-1,26,27,28,-1,28,27,29,-1,28,29,30,-1,30,29,31,-1,30,31,24,-1,24,31,25,-1,32,33,34,-1,34,33,35,-1,36,37,38,-1,38,37,39,-1,38,39,40,-1,40,39,41,-1,40,41,42,-1,42,41,43,-1,42,43,36,-1,36,43,37,-1,44,45,46,-1,46,45,47,-1,28,35,26,-1,26,35,33,-1,30,34,28,-1,28,34,35,-1,32,24,33,-1,33,24,26,-1,24,32,30,-1,30,32,34,-1,40,47,38,-1,38,47,45,-1,42,46,40,-1,40,46,47,-1,44,36,45,-1,45,36,38,-1,36,44,42,-1,42,44,46,-1,16,23,14,-1,14,23,21,-1,18,22,16,-1,16,22,23,-1,20,12,21,-1,21,12,14,-1,12,20,18,-1,18,20,22,-1,4,11,2,-1,2,11,9,-1,6,10,4,-1,4,10,11,-1,8,0,9,-1,9,0,2,-1,0,8,6,-1,6,8,10,-1,
        ]
    }
}
Shape{
    appearance Appearance {
        material  Material 	{
            diffuseColor 0.7529411764705882 0.7529411764705882 0.7529411764705882
            specularColor 0.3764705882352941 0.3764705882352941 0.3764705882352941
            ambientIntensity 0.7529
            transparency 0.0
            shininess 0.5
        }
    }
    geometry IndexedFaceSet {
        ccw TRUE
        solid FALSE
        coord DEF co Coordinate {
            point [
                1.1024 0.7257 0.3937, 0.8661 0.7257 0.3937, 1.1024 0.7266 0.3936, 0.8661 0.7266 0.3936, 1.1024 0.7275 0.3933, 0.8661 0.7275 0.3933, 1.1024 0.7283 0.3927, 0.8661 0.7283 0.3927, 1.1024 0.7289 0.392, 0.8661 0.7289 0.392, 1.1024 0.7293 0.3912, 0.8661 0.7293 0.3912, 1.1024 0.8548 0.0746, 0.8661 0.8548 0.0746, 0.8661 0.8682 0.0499, 1.1024 0.8682 0.0499, 0.8661 0.887 0.029, 1.1024 0.887 0.029, 0.8661 0.9103 0.0132, 1.1024 0.9103 0.0132, 0.8661 0.9366 0.0033, 1.1024 0.9366 0.0033, 0.8661 0.9646 0.0, 1.1024 0.9646 0.0, 1.1024 1.3583 0.0, 0.8661 1.3583 0.0, 1.1024 1.3583 0.1181, 0.8661 1.3583 0.1181, 1.1024 0.9646 0.1181, 0.8661 0.9646 0.1181, 1.1024 0.8391 0.4347, 0.8661 0.8391 0.4347, 0.8661 0.8253 0.4603, 1.1024 0.8253 0.4603, 0.8661 0.8058 0.4818, 1.1024 0.8058 0.4818, 0.8661 0.7818 0.4982, 1.1024 0.7818 0.4982, 0.8661 0.7545 0.5083, 1.1024 0.7545 0.5083, 0.8661 0.7257 0.5118, 1.1024 0.7257 0.5118, 1.1024 0.689 0.5118, 0.8661 0.689 0.5118, 1.1024 0.689 0.3937, 0.8661 0.689 0.3937, 0.1181 0.7257 0.3937, -0.1181 0.7257 0.3937, 0.1181 0.7266 0.3936, -0.1181 0.7266 0.3936, 0.1181 0.7275 0.3933, -0.1181 0.7275 0.3933, 0.1181 0.7283 0.3927, -0.1181 0.7283 0.3927, 0.1181 0.7289 0.392, -0.1181 0.7289 0.392, 0.1181 0.7293 0.3912, -0.1181 0.7293 0.3912, 0.1181 0.8548 0.0746, -0.1181 0.8548 0.0746, -0.1181 0.8682 0.0499, 0.1181 0.8682 0.0499, -0.1181 0.887 0.029, 0.1181 0.887 0.029, -0.1181 0.9103 0.0132, 0.1181 0.9103 0.0132, -0.1181 0.9366 0.0033, 0.1181 0.9366 0.0033, -0.1181 0.9646 0.0, 0.1181 0.9646 0.0, 0.1181 1.3583 0.0, -0.1181 1.3583 0.0, 0.1181 1.3583 0.1181, -0.1181 1.3583 0.1181, 0.1181 0.9646 0.1181, -0.1181 0.9646 0.1181, 0.1181 0.8391 0.4347, -0.1181 0.8391 0.4347, -0.1181 0.8253 0.4603, 0.1181 0.8253 0.4603, -0.1181 0.8058 0.4818, 0.1181 0.8058 0.4818, -0.1181 0.7818 0.4982, 0.1181 0.7818 0.4982, -0.1181 0.7545 0.5083, 0.1181 0.7545 0.5083, -0.1181 0.7257 0.5118, 0.1181 0.7257 0.5118, 0.1181 0.689 0.5118, -0.1181 0.689 0.5118, 0.1181 0.689 0.3937, -0.1181 0.689 0.3937, -0.8661 0.7257 0.3937, -1.1024 0.7257 0.3937, -0.8661 0.7266 0.3936, -1.1024 0.7266 0.3936, -0.8661 0.7275 0.3933, -1.1024 0.7275 0.3933, -0.8661 0.7283 0.3927, -1.1024 0.7283 0.3927, -0.8661 0.7289 0.392, -1.1024 0.7289 0.392, -0.8661 0.7293 0.3912, -1.1024 0.7293 0.3912, -0.8661 0.8548 0.0746, -1.1024 0.8548 0.0746, -1.1024 0.8682 0.0499, -0.8661 0.8682 0.0499, -1.1024 0.887 0.029, -0.8661 0.887 0.029, -1.1024 0.9103 0.0132, -0.8661 0.9103 0.0132, -1.1024 0.9366 0.0033, -0.8661 0.9366 0.0033, -1.1024 0.9646 0.0, -0.8661 0.9646 0.0, -0.8661 1.3583 0.0, -1.1024 1.3583 0.0, -0.8661 1.3583 0.1181, -1.1024 1.3583 0.1181, -0.8661 0.9646 0.1181, -1.1024 0.9646 0.1181, -0.8661 0.8391 0.4347, -1.1024 0.8391 0.4347, -1.1024 0.8253 0.4603, -0.8661 0.8253 0.4603, -1.1024 0.8058 0.4818, -0.8661 0.8058 0.4818, -1.1024 0.7818 0.4982, -0.8661 0.7818 0.4982, -1.1024 0.7545 0.5083, -0.8661 0.7545 0.5083, -1.1024 0.7257 0.5118, -0.8661 0.7257 0.5118, -0.8661 0.689 0.5118, -1.1024 0.689 0.5118, -0.8661 0.689 0.3937, -1.1024 0.689 0.3937
            ]
        }
        coordIndex [
            0,1,2,-1,2,1,3,-1,2,3,4,-1,4,3,5,-1,4,5,6,-1,6,5,7,-1,6,7,8,-1,8,7,9,-1,8,9,10,-1,10,9,11,-1,12,10,13,-1,13,10,11,-1,12,13,14,-1,12,14,15,-1,15,14,16,-1,15,16,17,-1,17,16,18,-1,17,18,19,-1,19,18,20,-1,19,20,21,-1,21,20,22,-1,21,22,23,-1,24,23,25,-1,25,23,22,-1,26,24,27,-1,27,24,25,-1,28,26,29,-1,29,26,27,-1,30,28,31,-1,31,28,29,-1,30,31,32,-1,30,32,33,-1,33,32,34,-1,33,34,35,-1,35,34,36,-1,35,36,37,-1,37,36,38,-1,37,38,39,-1,39,38,40,-1,39,40,41,-1,42,41,43,-1,43,41,40,-1,15,17,28,-1,24,26,23,-1,23,26,28,-1,17,19,28,-1,28,19,21,-1,28,21,23,-1,42,44,41,-1,41,44,0,-1,41,0,39,-1,39,0,2,-1,39,2,37,-1,37,2,4,-1,37,4,35,-1,35,4,6,-1,35,6,33,-1,33,6,8,-1,33,8,30,-1,30,8,10,-1,30,10,28,-1,28,10,12,-1,28,12,15,-1,27,25,29,-1,29,25,22,-1,22,20,29,-1,29,20,18,-1,29,18,16,-1,45,43,1,-1,1,43,40,-1,1,40,3,-1,3,40,38,-1,3,38,5,-1,5,38,36,-1,5,36,7,-1,7,36,34,-1,7,34,9,-1,9,34,32,-1,9,32,11,-1,11,32,31,-1,11,31,13,-1,13,31,29,-1,13,29,14,-1,14,29,16,-1,46,47,48,-1,48,47,49,-1,48,49,50,-1,50,49,51,-1,50,51,52,-1,52,51,53,-1,52,53,54,-1,54,53,55,-1,54,55,56,-1,56,55,57,-1,58,56,59,-1,59,56,57,-1,58,59,60,-1,58,60,61,-1,61,60,62,-1,61,62,63,-1,63,62,64,-1,63,64,65,-1,65,64,66,-1,65,66,67,-1,67,66,68,-1,67,68,69,-1,70,69,71,-1,71,69,68,-1,72,70,73,-1,73,70,71,-1,74,72,75,-1,75,72,73,-1,76,74,77,-1,77,74,75,-1,76,77,78,-1,76,78,79,-1,79,78,80,-1,79,80,81,-1,81,80,82,-1,81,82,83,-1,83,82,84,-1,83,84,85,-1,85,84,86,-1,85,86,87,-1,88,87,89,-1,89,87,86,-1,61,63,74,-1,70,72,69,-1,69,72,74,-1,63,65,74,-1,74,65,67,-1,74,67,69,-1,88,90,87,-1,87,90,46,-1,87,46,85,-1,85,46,48,-1,85,48,83,-1,83,48,50,-1,83,50,81,-1,81,50,52,-1,81,52,79,-1,79,52,54,-1,79,54,76,-1,76,54,56,-1,76,56,74,-1,74,56,58,-1,74,58,61,-1,73,71,75,-1,75,71,68,-1,68,66,75,-1,75,66,64,-1,75,64,62,-1,91,89,47,-1,47,89,86,-1,47,86,49,-1,49,86,84,-1,49,84,51,-1,51,84,82,-1,51,82,53,-1,53,82,80,-1,53,80,55,-1,55,80,78,-1,55,78,57,-1,57,78,77,-1,57,77,59,-1,59,77,75,-1,59,75,60,-1,60,75,62,-1,92,93,94,-1,94,93,95,-1,94,95,96,-1,96,95,97,-1,96,97,98,-1,98,97,99,-1,98,99,100,-1,100,99,101,-1,100,101,102,-1,102,101,103,-1,104,102,105,-1,105,102,103,-1,104,105,106,-1,104,106,107,-1,107,106,108,-1,107,108,109,-1,109,108,110,-1,109,110,111,-1,111,110,112,-1,111,112,113,-1,113,112,114,-1,113,114,115,-1,116,115,117,-1,117,115,114,-1,118,116,119,-1,119,116,117,-1,120,118,121,-1,121,118,119,-1,122,120,123,-1,123,120,121,-1,122,123,124,-1,122,124,125,-1,125,124,126,-1,125,126,127,-1,127,126,128,-1,127,128,129,-1,129,128,130,-1,129,130,131,-1,131,130,132,-1,131,132,133,-1,134,133,135,-1,135,133,132,-1,107,109,120,-1,116,118,115,-1,115,118,120,-1,109,111,120,-1,120,111,113,-1,120,113,115,-1,134,136,133,-1,133,136,92,-1,133,92,131,-1,131,92,94,-1,131,94,129,-1,129,94,96,-1,129,96,127,-1,127,96,98,-1,127,98,125,-1,125,98,100,-1,125,100,122,-1,122,100,102,-1,122,102,120,-1,120,102,104,-1,120,104,107,-1,119,117,121,-1,121,117,114,-1,114,112,121,-1,121,112,110,-1,121,110,108,-1,137,135,93,-1,93,135,132,-1,93,132,95,-1,95,132,130,-1,95,130,97,-1,97,130,128,-1,97,128,99,-1,99,128,126,-1,99,126,101,-1,101,126,124,-1,101,124,103,-1,103,124,123,-1,103,123,105,-1,105,123,121,-1,105,121,106,-1,106,121,108,-1,
        ]
    }
}
Shape{
    appearance Appearance {
        material  Material 	{
            diffuseColor 0.25098039215686274 0.25098039215686274 0.25098039215686274
            specularColor 0.12549019607843137 0.12549019607843137 0.12549019607843137
            ambientIntensity 0.251
            transparency 0.0
            shininess 0.5
        }
    }
    geometry IndexedFaceSet {
        ccw TRUE
        solid FALSE
        coord DEF co Coordinate {
            point [
                -1.5748 -0.4921 0.9449, -1.5748 -0.4921 1.2992, -1.5748 -0.689 0.9449, -1.5748 -0.689 1.2992, -1.5748 0.4921 0.9449, -1.5748 0.689 0.9449, -1.5748 0.4921 1.2992, -1.5748 0.689 1.2992, 0.315 0.689 0.9449, 0.315 0.4921 0.9449, 0.315 0.4921 1.2992, 0.689 0.3346 1.1024, 0.689 -0.3346 1.1024, 0.689 0.3346 1.2992, 0.689 -0.3346 1.2992, -0.689 0.3346 1.1024, -0.689 0.3346 1.2992, -0.689 -0.3346 1.1024, -0.689 -0.3346 1.2992, 0.315 -0.689 1.2992, 0.315 -0.4921 1.2992, 0.315 -0.689 0.9449, 0.315 -0.4921 0.9449, 0.315 0.689 1.2992
            ]
        }
        coordIndex [
            0,1,2,-1,2,1,3,-1,4,5,6,-1,6,5,7,-1,8,5,9,-1,9,5,4,-1,4,6,9,-1,9,6,10,-1,11,12,13,-1,13,12,14,-1,15,11,16,-1,16,11,13,-1,17,15,18,-1,18,15,16,-1,12,17,14,-1,14,17,18,-1,15,17,11,-1,11,17,12,-1,19,20,21,-1,21,20,22,-1,23,8,10,-1,10,8,9,-1,
        ]
    }
}
Shape{
    appearance Appearance {
        material  Material 	{
            diffuseColor 1.0 1.0 1.0
            specularColor 0.5019607843137255 0.5019607843137255 0.5019607843137255
            ambientIntensity 1.0
            transparency 0.0
            shininess 0.5
        }
    }
    geometry IndexedFaceSet {
        ccw TRUE
        solid FALSE
        coord DEF co Coordinate {
            point [
                0.9591 0.6929 1.0712, 0.9591 0.6929 1.059, 0.9591 0.689 1.0712, 0.9591 0.689 1.059, 1.0016 0.6929 1.0712, 1.0016 0.689 1.0712, 1.0016 0.6929 1.1658, 1.0016 0.689 1.1658, 1.0154 0.6929 1.1658, 1.0154 0.689 1.1658, 1.0154 0.6929 1.059, 1.0154 0.689 1.059, 0.8881 0.6929 1.0588, 0.9043 0.6929 1.0572, 0.9043 0.689 1.0572, 0.8949 0.689 1.0581, 0.8881 0.689 1.0588, 0.8766 0.6929 1.0625, 0.8793 0.689 1.0616, 0.8766 0.689 1.0625, 0.8748 0.689 1.0634, 0.8748 0.6929 1.0634, 0.8748 0.6929 1.0766, 0.8748 0.689 1.0766, 0.8793 0.689 1.0746, 0.8852 0.6929 1.0719, 0.8852 0.689 1.0719, 0.8973 0.689 1.0697, 0.8973 0.6929 1.0697, 0.9023 0.689 1.0695, 0.9023 0.6929 1.0695, 0.9131 0.689 1.0708, 0.9131 0.6929 1.0708, 0.9207 0.689 1.0737, 0.9207 0.6929 1.0737, 0.9277 0.689 1.0787, 0.9277 0.6929 1.0787, 0.9298 0.689 1.0807, 0.9298 0.6929 1.0807, 0.935 0.689 1.088, 0.935 0.6929 1.088, 0.9384 0.689 1.0966, 0.9384 0.6929 1.0966, 0.9401 0.689 1.1072, 0.9401 0.6929 1.1072, 0.9402 0.689 1.1112, 0.9402 0.6929 1.1112, 0.9384 0.689 1.126, 0.9384 0.6929 1.126, 0.9348 0.689 1.1352, 0.9348 0.6929 1.1352, 0.929 0.689 1.1433, 0.929 0.6929 1.1433, 0.9217 0.689 1.1493, 0.9217 0.6929 1.1493, 0.9133 0.689 1.1532, 0.9133 0.6929 1.1532, 0.9041 0.689 1.155, 0.9041 0.6929 1.155, 0.8999 0.689 1.1551, 0.8999 0.6929 1.1551, 0.8868 0.689 1.1536, 0.8793 0.689 1.1507, 0.876 0.6929 1.1494, 0.8868 0.6929 1.1536, 0.876 0.689 1.1494, 0.8748 0.689 1.1488, 0.8748 0.6929 1.1488, 0.8748 0.6929 1.1632, 0.8748 0.689 1.1632, 0.9001 0.689 1.1676, 0.9001 0.6929 1.1676, 0.8999 0.6929 1.1676, 0.8793 0.689 1.1645, 0.8859 0.6929 1.1664, 0.8859 0.689 1.1664, 0.8887 0.689 1.1667, 0.8999 0.689 1.1676, 0.9074 0.689 1.1667, 0.9156 0.6929 1.1657, 0.9156 0.689 1.1657, 0.9268 0.689 1.1613, 0.9268 0.6929 1.1613, 0.9367 0.689 1.1543, 0.9367 0.6929 1.1543, 0.9393 0.689 1.1518, 0.9393 0.6929 1.1518, 0.947 0.689 1.1417, 0.9499 0.689 1.1349, 0.9521 0.6929 1.1299, 0.947 0.6929 1.1417, 0.9521 0.689 1.1299, 0.9545 0.689 1.1159, 0.9545 0.6929 1.1159, 0.9547 0.689 1.1104, 0.9547 0.6929 1.1104, 0.9525 0.689 1.0928, 0.9499 0.689 1.0862, 0.9482 0.6929 1.0817, 0.9525 0.6929 1.0928, 0.9482 0.689 1.0817, 0.941 0.689 1.0718, 0.941 0.6929 1.0718, 0.9223 0.689 1.0599, 0.9324 0.6929 1.0646, 0.9324 0.689 1.0646, 0.9137 0.689 1.0581, 0.9108 0.6929 1.0575, 0.9223 0.6929 1.0599, 0.9108 0.689 1.0575, 0.796 0.6929 1.0712, 0.796 0.6929 1.059, 0.796 0.689 1.0712, 0.796 0.689 1.059, 0.8396 0.689 1.0712, 0.8396 0.6929 1.0712, 0.8108 0.689 1.0712, 0.8396 0.6929 1.1071, 0.8396 0.689 1.1071, 0.8014 0.6929 1.1071, 0.8108 0.689 1.1071, 0.8014 0.689 1.1071, 0.8014 0.6929 1.1193, 0.8014 0.689 1.1193, 0.8396 0.689 1.1193, 0.8396 0.6929 1.1193, 0.8108 0.689 1.1193, 0.8396 0.6929 1.1535, 0.8396 0.689 1.1535, 0.7984 0.689 1.1535, 0.7984 0.6929 1.1535, 0.8108 0.689 1.1535, 0.7984 0.6929 1.1658, 0.7984 0.689 1.1658, 0.8534 0.689 1.1658, 0.8534 0.6929 1.1658, 0.8108 0.689 1.1658, 0.8534 0.6929 1.059, 0.8534 0.689 1.059, 0.8108 0.689 1.059, 0.7095 0.6929 1.0889, 0.7148 0.6929 1.0823, 0.705 0.6929 1.074, 0.7168 0.6929 1.0805, 0.716 0.6929 1.066, 0.7238 0.6929 1.0759, 0.7282 0.6929 1.0613, 0.733 0.6929 1.0726, 0.7464 0.6929 1.059, 0.7465 0.6929 1.0712, 0.7758 0.6929 1.059, 0.762 0.6929 1.0712, 0.7758 0.6929 1.1658, 0.762 0.6929 1.1535, 0.7454 0.6929 1.1658, 0.7459 0.6929 1.1535, 0.7291 0.6929 1.164, 0.7322 0.6929 1.152, 0.7162 0.6929 1.1593, 0.7229 0.6929 1.1486, 0.705 0.6929 1.1516, 0.7151 0.6929 1.1434, 0.7013 0.6929 1.148, 0.7116 0.6929 1.1399, 0.6947 0.6929 1.1387, 0.7076 0.6929 1.1338, 0.6907 0.6929 1.1286, 0.7047 0.6929 1.1257, 0.6889 0.6929 1.1137, 0.7034 0.6929 1.1134, 0.6892 0.6929 1.107, 0.7037 0.6929 1.1066, 0.6918 0.6929 1.0945, 0.7058 0.6929 1.0968, 0.697 0.6929 1.0834, 0.7464 0.689 1.059, 0.7758 0.689 1.059, 0.7282 0.689 1.0613, 0.716 0.689 1.066, 0.705 0.689 1.074, 0.697 0.689 1.0834, 0.6918 0.689 1.0945, 0.6892 0.689 1.107, 0.6889 0.689 1.1137, 0.6907 0.689 1.1286, 0.6947 0.689 1.1387, 0.7013 0.689 1.148, 0.705 0.689 1.1516, 0.7162 0.689 1.1593, 0.7291 0.689 1.164, 0.7454 0.689 1.1658, 0.7758 0.689 1.1658, 0.7459 0.689 1.1535, 0.762 0.689 1.1535, 0.762 0.689 1.0712, 0.7465 0.689 1.0712, 0.7148 0.689 1.0823, 0.7168 0.689 1.0805, 0.7238 0.689 1.0759, 0.733 0.689 1.0726, 0.7034 0.689 1.1134, 0.7037 0.689 1.1066, 0.7058 0.689 1.0968, 0.7095 0.689 1.0889, 0.7151 0.689 1.1434, 0.7116 0.689 1.1399, 0.7076 0.689 1.1338, 0.7047 0.689 1.1257, 0.7322 0.689 1.152, 0.7229 0.689 1.1486
            ]
        }
        coordIndex [
            0,1,2,-1,2,1,3,-1,4,0,5,-1,5,0,2,-1,6,4,7,-1,7,4,5,-1,8,6,9,-1,9,6,7,-1,10,8,11,-1,11,8,9,-1,1,10,3,-1,3,10,11,-1,6,8,4,-1,4,8,10,-1,4,10,0,-1,0,10,1,-1,12,13,14,-1,14,15,12,-1,12,15,16,-1,12,16,17,-1,17,16,18,-1,18,19,17,-1,17,19,20,-1,17,20,21,-1,22,21,23,-1,23,21,20,-1,22,23,24,-1,22,24,25,-1,24,26,25,-1,25,26,27,-1,25,27,28,-1,28,27,29,-1,28,29,30,-1,30,29,31,-1,30,31,32,-1,32,31,33,-1,32,33,34,-1,34,33,35,-1,34,35,36,-1,36,35,37,-1,36,37,38,-1,38,37,39,-1,38,39,40,-1,40,39,41,-1,40,41,42,-1,42,41,43,-1,42,43,44,-1,44,43,45,-1,44,45,46,-1,46,45,47,-1,46,47,48,-1,48,47,49,-1,48,49,50,-1,50,49,51,-1,50,51,52,-1,52,51,53,-1,52,53,54,-1,54,53,55,-1,54,55,56,-1,56,55,57,-1,56,57,58,-1,58,57,59,-1,58,59,60,-1,60,59,61,-1,62,63,61,-1,61,63,64,-1,61,64,60,-1,62,65,63,-1,63,65,66,-1,63,66,67,-1,68,67,69,-1,69,67,66,-1,70,71,72,-1,68,69,73,-1,68,73,74,-1,73,75,74,-1,74,75,76,-1,74,76,72,-1,72,76,77,-1,72,77,70,-1,71,70,78,-1,71,78,79,-1,78,80,79,-1,79,80,81,-1,79,81,82,-1,82,81,83,-1,82,83,84,-1,84,83,85,-1,84,85,86,-1,86,85,87,-1,88,89,87,-1,87,89,90,-1,87,90,86,-1,88,91,89,-1,89,91,92,-1,89,92,93,-1,93,92,94,-1,93,94,95,-1,95,94,96,-1,97,98,96,-1,96,98,99,-1,96,99,95,-1,97,100,98,-1,98,100,101,-1,98,101,102,-1,103,104,105,-1,105,104,102,-1,105,102,101,-1,106,107,103,-1,103,107,108,-1,103,108,104,-1,106,109,107,-1,107,109,14,-1,107,14,13,-1,63,67,68,-1,54,84,52,-1,52,84,86,-1,52,86,50,-1,50,86,90,-1,50,90,48,-1,63,68,64,-1,64,68,74,-1,64,74,60,-1,60,74,72,-1,60,72,58,-1,58,72,71,-1,58,71,56,-1,56,71,79,-1,56,79,54,-1,54,79,82,-1,54,82,84,-1,95,46,93,-1,93,46,48,-1,93,48,89,-1,89,48,90,-1,21,22,17,-1,17,22,25,-1,17,25,12,-1,12,25,28,-1,12,28,13,-1,13,28,30,-1,13,30,107,-1,107,30,32,-1,107,32,108,-1,108,32,34,-1,108,34,104,-1,104,34,36,-1,104,36,102,-1,102,36,38,-1,102,38,98,-1,98,38,40,-1,98,40,99,-1,99,40,42,-1,99,42,95,-1,95,42,44,-1,95,44,46,-1,110,111,112,-1,112,111,113,-1,114,115,116,-1,116,115,110,-1,116,110,112,-1,117,115,118,-1,118,115,114,-1,117,118,119,-1,119,118,120,-1,119,120,121,-1,122,119,123,-1,123,119,121,-1,124,125,126,-1,126,125,122,-1,126,122,123,-1,127,125,128,-1,128,125,124,-1,129,130,131,-1,131,130,127,-1,131,127,128,-1,132,130,133,-1,133,130,129,-1,134,135,136,-1,136,135,132,-1,136,132,133,-1,137,135,138,-1,138,135,134,-1,113,111,139,-1,139,111,137,-1,139,137,138,-1,111,110,137,-1,137,110,115,-1,119,122,117,-1,117,122,125,-1,130,132,127,-1,127,132,135,-1,127,135,125,-1,125,135,137,-1,125,137,117,-1,117,137,115,-1,140,141,142,-1,142,141,143,-1,142,143,144,-1,144,143,145,-1,144,145,146,-1,146,145,147,-1,146,147,148,-1,148,147,149,-1,148,149,150,-1,150,149,151,-1,150,151,152,-1,152,151,153,-1,152,153,154,-1,154,153,155,-1,154,155,156,-1,156,155,157,-1,156,157,158,-1,158,157,159,-1,158,159,160,-1,160,159,161,-1,160,161,162,-1,162,161,163,-1,162,163,164,-1,164,163,165,-1,164,165,166,-1,166,165,167,-1,166,167,168,-1,168,167,169,-1,168,169,170,-1,170,169,171,-1,170,171,172,-1,172,171,173,-1,172,173,174,-1,174,173,140,-1,174,140,142,-1,148,150,175,-1,175,150,176,-1,148,175,177,-1,148,177,146,-1,146,177,178,-1,146,178,144,-1,144,178,179,-1,144,179,142,-1,142,179,180,-1,142,180,174,-1,174,180,181,-1,174,181,172,-1,172,181,182,-1,172,182,170,-1,170,182,183,-1,170,183,168,-1,168,183,184,-1,168,184,166,-1,166,184,185,-1,166,185,164,-1,164,185,186,-1,164,186,162,-1,162,186,187,-1,162,187,160,-1,160,187,188,-1,160,188,158,-1,158,188,189,-1,158,189,156,-1,156,189,190,-1,156,190,154,-1,152,154,191,-1,191,154,190,-1,150,152,176,-1,176,152,191,-1,155,153,192,-1,192,153,193,-1,153,151,193,-1,193,151,194,-1,151,149,194,-1,194,149,195,-1,141,196,197,-1,141,197,143,-1,143,197,198,-1,143,198,145,-1,145,198,199,-1,145,199,147,-1,147,199,195,-1,147,195,149,-1,169,200,201,-1,169,201,171,-1,171,201,202,-1,171,202,173,-1,173,202,203,-1,173,203,140,-1,140,203,196,-1,140,196,141,-1,161,204,205,-1,161,205,163,-1,163,205,206,-1,163,206,165,-1,165,206,207,-1,165,207,167,-1,167,207,200,-1,167,200,169,-1,155,192,208,-1,155,208,157,-1,157,208,209,-1,157,209,159,-1,159,209,204,-1,159,204,161,-1,
        ]
    }
}
Shape{
    appearance Appearance {
        material  Material 	{
            diffuseColor 0.25098039215686274 0.25098039215686274 0.25098039215686274
            specularColor 0.12549019607843137 0.12549019607843137 0.12549019607843137
            ambientIntensity 0.251
            transparency 0.0
            shininess 0.5
        }
    }
    geometry IndexedFaceSet {
        ccw TRUE
        solid FALSE
        coord DEF co Coordinate {
            point [
                0.762 0.689 1.1535, 0.762 0.689 1.0712, 0.7459 0.689 1.1535, 0.7465 0.689 1.0712, 0.733 0.689 1.0726, 0.7238 0.689 1.0759, 0.7168 0.689 1.0805, 0.7148 0.689 1.0823, 0.7095 0.689 1.0889, 0.7058 0.689 1.0968, 0.7037 0.689 1.1066, 0.7034 0.689 1.1134, 0.7047 0.689 1.1257, 0.7076 0.689 1.1338, 0.7116 0.689 1.1399, 0.7151 0.689 1.1434, 0.7322 0.689 1.152, 0.7229 0.689 1.1486
            ]
        }
        coordIndex [
            0,1,2,-1,2,1,3,-1,2,3,4,-1,4,5,2,-1,2,5,6,-1,2,6,7,-1,7,8,2,-1,2,8,9,-1,2,9,10,-1,10,11,2,-1,2,11,12,-1,2,12,13,-1,13,14,2,-1,2,14,15,-1,2,15,16,-1,16,15,17,-1,
        ]
    }
}
Shape{
    appearance Appearance {
        material  Material 	{
            diffuseColor 1.0 1.0 1.0
            specularColor 0.5019607843137255 0.5019607843137255 0.5019607843137255
            ambientIntensity 1.0
            transparency 0.0
            shininess 0.5
        }
    }
    geometry IndexedFaceSet {
        ccw TRUE
        solid FALSE
        coord DEF co Coordinate {
            point [
                0.6531 0.6929 1.1003, 0.6372 0.6929 1.1446, 0.6423 0.6929 1.1658, 0.683 0.6929 1.059, 0.6677 0.6929 1.059, 0.6575 0.6929 1.0882, 0.6362 0.6929 1.1478, 0.6354 0.6929 1.1521, 0.6276 0.6929 1.1658, 0.6351 0.6929 1.1521, 0.6342 0.6929 1.1476, 0.6334 0.6929 1.1446, 0.6173 0.6929 1.1003, 0.5869 0.6929 1.059, 0.6021 0.6929 1.059, 0.613 0.6929 1.0882, 0.6276 0.689 1.1658, 0.5869 0.689 1.059, 0.6423 0.689 1.1658, 0.683 0.689 1.059, 0.6522 0.689 1.1398, 0.6677 0.689 1.059, 0.6575 0.689 1.0882, 0.613 0.689 1.0882, 0.6522 0.689 1.0882, 0.6021 0.689 1.059, 0.6531 0.689 1.1003, 0.6173 0.689 1.1003, 0.6334 0.689 1.1446, 0.6351 0.689 1.1521, 0.6342 0.689 1.1476, 0.6354 0.689 1.1521, 0.6372 0.689 1.1446, 0.6362 0.689 1.1478
            ]
        }
        coordIndex [
            0,1,2,-1,3,4,5,-1,1,6,2,-1,2,6,7,-1,2,7,8,-1,8,7,9,-1,8,9,10,-1,10,11,8,-1,8,11,12,-1,8,12,13,-1,14,13,15,-1,15,13,12,-1,15,12,5,-1,5,12,0,-1,5,0,3,-1,3,0,2,-1,8,13,16,-1,16,13,17,-1,2,8,18,-1,18,8,16,-1,19,3,20,-1,20,3,2,-1,20,2,18,-1,4,3,21,-1,21,3,19,-1,5,4,22,-1,22,4,21,-1,23,15,24,-1,24,15,5,-1,24,5,22,-1,14,15,25,-1,25,15,23,-1,13,14,17,-1,17,14,25,-1,0,12,26,-1,26,12,27,-1,12,11,27,-1,27,11,28,-1,9,29,30,-1,9,30,10,-1,10,30,28,-1,10,28,11,-1,9,7,29,-1,29,7,31,-1,1,32,33,-1,1,33,6,-1,6,33,31,-1,6,31,7,-1,1,0,32,-1,32,0,26,-1,
        ]
    }
}
Shape{
    appearance Appearance {
        material  Material 	{
            diffuseColor 0.25098039215686274 0.25098039215686274 0.25098039215686274
            specularColor 0.12549019607843137 0.12549019607843137 0.12549019607843137
            ambientIntensity 0.251
            transparency 0.0
            shininess 0.5
        }
    }
    geometry IndexedFaceSet {
        ccw TRUE
        solid FALSE
        coord DEF co Coordinate {
            point [
                0.6351 0.689 1.1521, 0.6354 0.689 1.1521, 0.6342 0.689 1.1476, 0.6362 0.689 1.1478, 0.6334 0.689 1.1446, 0.6372 0.689 1.1446, 0.6173 0.689 1.1003, 0.6531 0.689 1.1003
            ]
        }
        coordIndex [
            0,1,2,-1,2,1,3,-1,2,3,4,-1,4,3,5,-1,4,5,6,-1,6,5,7,-1,
        ]
    }
}
Shape{
    appearance Appearance {
        material  Material 	{
            diffuseColor 1.0 1.0 1.0
            specularColor 0.5019607843137255 0.5019607843137255 0.5019607843137255
            ambientIntensity 1.0
            transparency 0.0
            shininess 0.5
        }
    }
    geometry IndexedFaceSet {
        ccw TRUE
        solid FALSE
        coord DEF co Coordinate {
            point [
                0.9579 0.6929 0.9018, 0.9579 0.6929 0.8896, 0.9579 0.689 0.9018, 0.9579 0.689 0.8896, 1.0016 0.6929 0.9018, 1.0016 0.689 0.9018, 1.0016 0.6929 0.9377, 1.0016 0.689 0.9377, 0.9634 0.6929 0.9377, 0.9634 0.689 0.9377, 0.9634 0.6929 0.95, 0.9634 0.689 0.95, 1.0016 0.6929 0.95, 1.0016 0.689 0.95, 1.0016 0.6929 0.9841, 1.0016 0.689 0.9841, 0.9604 0.6929 0.9841, 0.9604 0.689 0.9841, 0.9604 0.6929 0.9964, 0.9604 0.689 0.9964, 1.0154 0.6929 0.9964, 1.0154 0.689 0.9964, 1.0154 0.6929 0.8896, 1.0154 0.689 0.8896, 0.9151 0.6929 0.9255, 0.8973 0.6929 0.9279, 0.8839 0.6929 0.9387, 0.8973 0.6929 0.8896, 0.8839 0.6929 0.8896, 0.8973 0.6929 0.9014, 0.8973 0.6929 0.9381, 0.9263 0.6929 0.9222, 0.9231 0.6929 0.9237, 0.8976 0.6929 0.9014, 0.9043 0.6929 0.9037, 0.8998 0.6929 0.8981, 0.908 0.6929 0.9011, 0.8973 0.6929 0.9206, 0.898 0.6929 0.9142, 0.8999 0.6929 0.9094, 0.903 0.6929 0.905, 0.922 0.6929 0.8993, 0.921 0.6929 0.8878, 0.9175 0.6929 0.8988, 0.9144 0.6929 0.8885, 0.912 0.6929 0.8995, 0.9089 0.6929 0.8904, 0.904 0.6929 0.8936, 0.8977 0.6929 0.9439, 0.885 0.6929 0.949, 0.8991 0.6929 0.9487, 0.8871 0.6929 0.955, 0.9006 0.6929 0.9515, 0.8898 0.6929 0.9593, 0.9027 0.6929 0.9537, 0.8934 0.6929 0.9627, 0.905 0.6929 0.9552, 0.8979 0.6929 0.9652, 0.9081 0.6929 0.9563, 0.9035 0.6929 0.9669, 0.9127 0.6929 0.9568, 0.9114 0.6929 0.9676, 0.9201 0.6929 0.9561, 0.9251 0.6929 0.966, 0.9284 0.6929 0.9534, 0.935 0.6929 0.9621, 0.9377 0.6929 0.9476, 0.9377 0.6929 0.9605, 0.9288 0.6929 0.9034, 0.9386 0.6929 0.8938, 0.9277 0.6929 0.9023, 0.9342 0.6929 0.8908, 0.925 0.6929 0.9004, 0.9291 0.6929 0.8888, 0.9215 0.6929 0.8878, 0.9315 0.6929 0.9133, 0.9451 0.6929 0.9116, 0.9316 0.6929 0.9111, 0.9451 0.6929 0.9101, 0.9312 0.6929 0.9081, 0.9445 0.6929 0.9039, 0.9304 0.6929 0.9056, 0.9428 0.6929 0.8994, 0.94 0.6929 0.8953, 0.9199 0.6929 0.9349, 0.93 0.6929 0.9324, 0.928 0.6929 0.9208, 0.9357 0.6929 0.9295, 0.9296 0.6929 0.9188, 0.9398 0.6929 0.926, 0.9308 0.6929 0.9163, 0.9424 0.6929 0.9221, 0.9443 0.6929 0.9174, 0.9114 0.689 0.9676, 0.9251 0.689 0.966, 0.935 0.689 0.9621, 0.9377 0.689 0.9605, 0.9377 0.689 0.9476, 0.9284 0.689 0.9534, 0.9201 0.689 0.9561, 0.9127 0.689 0.9568, 0.9081 0.689 0.9563, 0.905 0.689 0.9552, 0.9027 0.689 0.9537, 0.9006 0.689 0.9515, 0.8991 0.689 0.9487, 0.8977 0.689 0.9439, 0.8973 0.689 0.9381, 0.9199 0.689 0.9349, 0.93 0.689 0.9324, 0.9357 0.689 0.9295, 0.9398 0.689 0.926, 0.9424 0.689 0.9221, 0.9443 0.689 0.9174, 0.9451 0.689 0.9116, 0.9451 0.689 0.9101, 0.9445 0.689 0.9039, 0.9428 0.689 0.8994, 0.94 0.689 0.8953, 0.9386 0.689 0.8938, 0.921 0.689 0.8878, 0.9342 0.689 0.8908, 0.9291 0.689 0.8888, 0.9286 0.689 0.8887, 0.9215 0.689 0.8878, 0.9144 0.689 0.8885, 0.9138 0.689 0.8887, 0.9089 0.689 0.8904, 0.904 0.689 0.8936, 0.8998 0.689 0.8981, 0.8976 0.689 0.9014, 0.8973 0.689 0.9014, 0.8973 0.689 0.8896, 0.8839 0.689 0.8896, 0.8839 0.689 0.9387, 0.885 0.689 0.949, 0.8871 0.689 0.955, 0.8898 0.689 0.9593, 0.8934 0.689 0.9627, 0.8979 0.689 0.9652, 0.9035 0.689 0.9669, 0.928 0.689 0.9208, 0.9263 0.689 0.9222, 0.9231 0.689 0.9237, 0.9151 0.689 0.9255, 0.9316 0.689 0.9111, 0.9315 0.689 0.9133, 0.9308 0.689 0.9163, 0.9296 0.689 0.9188, 0.9277 0.689 0.9023, 0.9288 0.689 0.9034, 0.9304 0.689 0.9056, 0.9312 0.689 0.9081, 0.9175 0.689 0.8988, 0.922 0.689 0.8993, 0.925 0.689 0.9004, 0.903 0.689 0.905, 0.9043 0.689 0.9037, 0.908 0.689 0.9011, 0.912 0.689 0.8995, 0.8973 0.689 0.9206, 0.898 0.689 0.9142, 0.8999 0.689 0.9094, 0.8973 0.689 0.9279
            ]
        }
        coordIndex [
            0,1,2,-1,2,1,3,-1,4,0,5,-1,5,0,2,-1,6,4,7,-1,7,4,5,-1,8,6,9,-1,9,6,7,-1,10,8,11,-1,11,8,9,-1,12,10,13,-1,13,10,11,-1,14,12,15,-1,15,12,13,-1,16,14,17,-1,17,14,15,-1,18,16,19,-1,19,16,17,-1,20,18,21,-1,21,18,19,-1,22,20,23,-1,23,20,21,-1,1,22,3,-1,3,22,23,-1,22,1,0,-1,0,4,22,-1,22,4,6,-1,22,6,20,-1,16,18,14,-1,14,18,20,-1,14,20,12,-1,12,20,6,-1,12,6,10,-1,10,6,8,-1,24,25,26,-1,27,28,29,-1,29,28,26,-1,30,31,32,-1,33,34,35,-1,35,34,36,-1,25,37,26,-1,26,37,38,-1,26,38,29,-1,29,38,39,-1,29,39,33,-1,33,39,40,-1,33,40,34,-1,41,42,43,-1,43,42,44,-1,43,44,45,-1,45,44,46,-1,45,46,36,-1,36,46,47,-1,36,47,35,-1,32,24,30,-1,30,24,26,-1,30,26,48,-1,48,26,49,-1,48,49,50,-1,50,49,51,-1,50,51,52,-1,52,51,53,-1,52,53,54,-1,54,53,55,-1,54,55,56,-1,56,55,57,-1,56,57,58,-1,58,57,59,-1,58,59,60,-1,60,59,61,-1,60,61,62,-1,62,61,63,-1,62,63,64,-1,64,63,65,-1,64,65,66,-1,66,65,67,-1,68,69,70,-1,70,69,71,-1,70,71,72,-1,72,71,73,-1,72,73,41,-1,41,73,74,-1,41,74,42,-1,75,76,77,-1,77,76,78,-1,77,78,79,-1,79,78,80,-1,79,80,81,-1,81,80,82,-1,81,82,68,-1,68,82,83,-1,68,83,69,-1,30,84,31,-1,31,84,85,-1,31,85,86,-1,86,85,87,-1,86,87,88,-1,88,87,89,-1,88,89,90,-1,90,89,91,-1,90,91,75,-1,75,91,92,-1,75,92,76,-1,61,93,94,-1,61,94,63,-1,63,94,95,-1,63,95,65,-1,65,95,96,-1,65,96,67,-1,66,67,97,-1,97,67,96,-1,66,97,98,-1,66,98,64,-1,64,98,99,-1,64,99,62,-1,62,99,100,-1,62,100,60,-1,60,100,101,-1,60,101,58,-1,58,101,102,-1,58,102,56,-1,56,102,103,-1,56,103,54,-1,54,103,104,-1,54,104,52,-1,52,104,105,-1,52,105,50,-1,50,105,106,-1,50,106,48,-1,48,106,107,-1,48,107,30,-1,84,30,108,-1,108,30,107,-1,84,108,109,-1,84,109,85,-1,85,109,110,-1,85,110,87,-1,87,110,111,-1,87,111,89,-1,89,111,112,-1,89,112,91,-1,91,112,113,-1,91,113,92,-1,92,113,114,-1,92,114,76,-1,76,114,115,-1,76,115,78,-1,78,115,116,-1,78,116,80,-1,80,116,117,-1,80,117,82,-1,82,117,118,-1,82,118,83,-1,83,118,119,-1,83,119,69,-1,120,42,74,-1,69,119,121,-1,69,121,71,-1,71,121,122,-1,71,122,73,-1,73,122,123,-1,73,123,74,-1,74,123,124,-1,74,124,120,-1,42,120,125,-1,42,125,44,-1,44,125,126,-1,44,126,46,-1,126,127,46,-1,46,127,128,-1,46,128,47,-1,47,128,129,-1,47,129,35,-1,35,129,130,-1,35,130,33,-1,29,33,131,-1,131,33,130,-1,27,29,132,-1,132,29,131,-1,28,27,133,-1,133,27,132,-1,26,28,134,-1,134,28,133,-1,26,134,135,-1,26,135,49,-1,49,135,136,-1,49,136,51,-1,51,136,137,-1,51,137,53,-1,53,137,138,-1,53,138,55,-1,55,138,139,-1,55,139,57,-1,57,139,140,-1,57,140,59,-1,59,140,93,-1,59,93,61,-1,86,141,142,-1,86,142,31,-1,31,142,143,-1,31,143,32,-1,32,143,144,-1,32,144,24,-1,77,145,146,-1,77,146,75,-1,75,146,147,-1,75,147,90,-1,90,147,148,-1,90,148,88,-1,88,148,141,-1,88,141,86,-1,70,149,150,-1,70,150,68,-1,68,150,151,-1,68,151,81,-1,81,151,152,-1,81,152,79,-1,79,152,145,-1,79,145,77,-1,43,153,154,-1,43,154,41,-1,41,154,155,-1,41,155,72,-1,72,155,149,-1,72,149,70,-1,40,156,157,-1,40,157,34,-1,34,157,158,-1,34,158,36,-1,36,158,159,-1,36,159,45,-1,45,159,153,-1,45,153,43,-1,37,160,161,-1,37,161,38,-1,38,161,162,-1,38,162,39,-1,39,162,156,-1,39,156,40,-1,37,25,160,-1,160,25,163,-1,25,24,163,-1,163,24,144,-1,
        ]
    }
}
Shape{
    appearance Appearance {
        material  Material 	{
            diffuseColor 0.25098039215686274 0.25098039215686274 0.25098039215686274
            specularColor 0.12549019607843137 0.12549019607843137 0.12549019607843137
            ambientIntensity 0.251
            transparency 0.0
            shininess 0.5
        }
    }
    geometry IndexedFaceSet {
        ccw TRUE
        solid FALSE
        coord DEF co Coordinate {
            point [
                0.8973 0.689 0.9206, 0.8973 0.689 0.9279, 0.9151 0.689 0.9255, 0.9043 0.689 0.9037, 0.903 0.689 0.905, 0.9231 0.689 0.9237, 0.9263 0.689 0.9222, 0.912 0.689 0.8995, 0.908 0.689 0.9011, 0.8999 0.689 0.9094, 0.898 0.689 0.9142, 0.928 0.689 0.9208, 0.9296 0.689 0.9188, 0.9308 0.689 0.9163, 0.9315 0.689 0.9133, 0.9316 0.689 0.9111, 0.9312 0.689 0.9081, 0.925 0.689 0.9004, 0.922 0.689 0.8993, 0.9277 0.689 0.9023, 0.9175 0.689 0.8988, 0.9304 0.689 0.9056, 0.9288 0.689 0.9034
            ]
        }
        coordIndex [
            0,1,2,-1,3,4,2,-1,5,6,7,-1,5,7,2,-1,2,7,8,-1,2,8,3,-1,4,9,2,-1,2,9,10,-1,2,10,0,-1,6,11,7,-1,7,11,12,-1,7,12,13,-1,13,14,7,-1,7,14,15,-1,7,15,16,-1,17,18,19,-1,19,18,20,-1,19,20,7,-1,16,21,7,-1,7,21,22,-1,7,22,19,-1,
        ]
    }
}
Shape{
    appearance Appearance {
        material  Material 	{
            diffuseColor 1.0 1.0 1.0
            specularColor 0.5019607843137255 0.5019607843137255 0.5019607843137255
            ambientIntensity 1.0
            transparency 0.0
            shininess 0.5
        }
    }
    geometry IndexedFaceSet {
        ccw TRUE
        solid FALSE
        coord DEF co Coordinate {
            point [
                0.8658 0.689 0.9061, 0.8658 0.6929 0.9061, 0.861 0.6929 0.9031, 0.8438 0.6929 0.8988, 0.8438 0.689 0.8988, 0.8526 0.689 0.8998, 0.8526 0.6929 0.8998, 0.8596 0.689 0.9026, 0.861 0.689 0.9031, 0.8658 0.6929 0.8923, 0.8658 0.689 0.8923, 0.8564 0.6929 0.889, 0.8596 0.689 0.8901, 0.8451 0.689 0.8878, 0.8451 0.6929 0.8878, 0.8537 0.689 0.8887, 0.8564 0.689 0.889, 0.8329 0.6929 0.8893, 0.8376 0.689 0.8887, 0.8329 0.689 0.8893, 0.8259 0.689 0.892, 0.8259 0.6929 0.892, 0.8229 0.689 0.8939, 0.8229 0.6929 0.8939, 0.8187 0.689 0.8976, 0.8187 0.6929 0.8976, 0.8163 0.689 0.9012, 0.8163 0.6929 0.9012, 0.8148 0.689 0.9054, 0.8148 0.6929 0.9054, 0.8143 0.689 0.9104, 0.8143 0.6929 0.9104, 0.8149 0.689 0.9159, 0.8149 0.6929 0.9159, 0.8165 0.689 0.9197, 0.8165 0.6929 0.9197, 0.8187 0.689 0.923, 0.8187 0.6929 0.923, 0.8219 0.689 0.9258, 0.8219 0.6929 0.9258, 0.8308 0.689 0.9308, 0.8308 0.6929 0.9308, 0.836 0.689 0.9329, 0.836 0.6929 0.9329, 0.8443 0.689 0.9365, 0.8443 0.6929 0.9365, 0.849 0.689 0.9394, 0.849 0.6929 0.9394, 0.8503 0.689 0.9409, 0.8503 0.6929 0.9409, 0.8512 0.689 0.9427, 0.8512 0.6929 0.9427, 0.8518 0.689 0.9447, 0.8518 0.6929 0.9447, 0.8519 0.689 0.9465, 0.8519 0.6929 0.9465, 0.8517 0.689 0.9486, 0.8517 0.6929 0.9486, 0.851 0.689 0.9505, 0.851 0.6929 0.9505, 0.8498 0.689 0.9522, 0.8498 0.6929 0.9522, 0.8478 0.689 0.9539, 0.8478 0.6929 0.9539, 0.8448 0.689 0.9555, 0.8448 0.6929 0.9555, 0.8413 0.689 0.9565, 0.8413 0.6929 0.9565, 0.8373 0.689 0.9568, 0.8373 0.6929 0.9568, 0.8279 0.689 0.9556, 0.8279 0.6929 0.9556, 0.8204 0.689 0.9527, 0.8204 0.6929 0.9527, 0.8179 0.689 0.9513, 0.8179 0.6929 0.9513, 0.8179 0.6929 0.9643, 0.8179 0.689 0.9643, 0.8266 0.689 0.9668, 0.8266 0.6929 0.9668, 0.836 0.689 0.9676, 0.836 0.6929 0.9676, 0.8467 0.689 0.9663, 0.8467 0.6929 0.9663, 0.8539 0.689 0.9636, 0.8539 0.6929 0.9636, 0.8571 0.689 0.9616, 0.8571 0.6929 0.9616, 0.8614 0.6929 0.9577, 0.8596 0.689 0.9593, 0.8614 0.689 0.9577, 0.8637 0.689 0.9541, 0.8637 0.6929 0.9541, 0.8652 0.689 0.9497, 0.8652 0.6929 0.9497, 0.8657 0.689 0.9453, 0.8657 0.6929 0.9453, 0.865 0.689 0.9397, 0.865 0.6929 0.9397, 0.8634 0.689 0.9357, 0.8634 0.6929 0.9357, 0.8619 0.689 0.9333, 0.8619 0.6929 0.9333, 0.8454 0.689 0.9232, 0.8454 0.6929 0.9232, 0.8534 0.6929 0.9268, 0.8597 0.689 0.931, 0.8597 0.6929 0.931, 0.8596 0.689 0.9309, 0.8534 0.689 0.9268, 0.8366 0.689 0.9195, 0.8366 0.6929 0.9195, 0.8314 0.689 0.9163, 0.8314 0.6929 0.9163, 0.8298 0.689 0.9146, 0.8298 0.6929 0.9146, 0.8287 0.689 0.9128, 0.8287 0.6929 0.9128, 0.8281 0.689 0.9107, 0.8281 0.6929 0.9107, 0.828 0.689 0.9091, 0.828 0.6929 0.9091, 0.8283 0.689 0.9065, 0.8283 0.6929 0.9065, 0.8289 0.689 0.9046, 0.8289 0.6929 0.9046, 0.8301 0.689 0.9029, 0.8301 0.6929 0.9029, 0.8317 0.689 0.9015, 0.8317 0.6929 0.9015, 0.8329 0.689 0.9008, 0.8329 0.6929 0.9008, 0.8363 0.689 0.8995, 0.8363 0.6929 0.8995, 0.8432 0.689 0.8988, 0.8432 0.6929 0.8988, 0.748 0.6929 0.9659, 0.7341 0.6929 0.9659, 0.748 0.689 0.9659, 0.7341 0.689 0.9659, 0.7688 0.6929 0.9085, 0.7688 0.689 0.9085, 0.7698 0.689 0.9049, 0.7698 0.6929 0.9049, 0.7704 0.689 0.9023, 0.7704 0.6929 0.9023, 0.7708 0.6929 0.9023, 0.7708 0.689 0.9023, 0.7724 0.6929 0.9086, 0.7724 0.689 0.9086, 0.7924 0.689 0.9659, 0.7924 0.6929 0.9659, 0.7859 0.689 0.9473, 0.8073 0.6929 0.9659, 0.8073 0.689 0.9659, 0.7774 0.689 0.8898, 0.7774 0.6929 0.8898, 0.7859 0.689 0.9114, 0.7833 0.689 0.8759, 0.7833 0.6929 0.8759, 0.7778 0.689 0.8887, 0.7859 0.689 0.8713, 0.7862 0.6929 0.8707, 0.7862 0.689 0.8707, 0.789 0.689 0.8679, 0.789 0.6929 0.8679, 0.7915 0.689 0.8663, 0.7915 0.6929 0.8663, 0.7944 0.689 0.8654, 0.7944 0.6929 0.8654, 0.797 0.689 0.8652, 0.797 0.6929 0.8652, 0.8018 0.689 0.8658, 0.8018 0.6929 0.8658, 0.8045 0.689 0.8667, 0.8045 0.6929 0.8667, 0.8045 0.6929 0.8548, 0.8045 0.689 0.8548, 0.7989 0.689 0.8538, 0.7989 0.6929 0.8538, 0.7959 0.689 0.8537, 0.7959 0.6929 0.8537, 0.7903 0.689 0.8544, 0.7903 0.6929 0.8544, 0.7859 0.689 0.8561, 0.785 0.6929 0.8565, 0.785 0.689 0.8565, 0.7804 0.689 0.8598, 0.7804 0.6929 0.8598, 0.7803 0.689 0.8599, 0.7803 0.6929 0.8599, 0.7754 0.689 0.8655, 0.7754 0.6929 0.8655, 0.7689 0.689 0.8775, 0.7689 0.6929 0.8775, 0.7687 0.689 0.8781, 0.7687 0.6929 0.8781, 0.7645 0.689 0.8887, 0.6623 0.6929 0.9018, 0.6623 0.6929 0.8896, 0.6623 0.689 0.9018, 0.6623 0.689 0.8896, 0.7059 0.689 0.9018, 0.7059 0.6929 0.9018, 0.6859 0.689 0.9018, 0.7059 0.6929 0.9377, 0.7059 0.689 0.9377, 0.6677 0.689 0.9377, 0.6677 0.6929 0.9377, 0.6859 0.689 0.9377, 0.6677 0.6929 0.95, 0.6677 0.689 0.95, 0.7059 0.689 0.95, 0.7059 0.6929 0.95, 0.6859 0.689 0.95, 0.7059 0.6929 0.9841, 0.7059 0.689 0.9841, 0.6647 0.689 0.9841, 0.6647 0.6929 0.9841, 0.6859 0.689 0.9841, 0.6647 0.6929 0.9964, 0.6647 0.689 0.9964, 0.7197 0.689 0.9964, 0.7197 0.6929 0.9964, 0.6859 0.689 0.9964, 0.7197 0.6929 0.8896, 0.7197 0.689 0.8896, 0.6859 0.689 0.8896, 0.5758 0.6929 0.9195, 0.5811 0.6929 0.9129, 0.5713 0.6929 0.9046, 0.5831 0.6929 0.9112, 0.5823 0.6929 0.8967, 0.5901 0.6929 0.9065, 0.5945 0.6929 0.8919, 0.5993 0.6929 0.9033, 0.6128 0.6929 0.8896, 0.6128 0.6929 0.9018, 0.6421 0.6929 0.8896, 0.6283 0.6929 0.9018, 0.6421 0.6929 0.9964, 0.6283 0.6929 0.9841, 0.6117 0.6929 0.9964, 0.6122 0.6929 0.9841, 0.5954 0.6929 0.9946, 0.5985 0.6929 0.9826, 0.5825 0.6929 0.9899, 0.5892 0.6929 0.9793, 0.5713 0.6929 0.9823, 0.5814 0.6929 0.9741, 0.5676 0.6929 0.9787, 0.5779 0.6929 0.9705, 0.561 0.6929 0.9694, 0.5739 0.6929 0.9644, 0.557 0.6929 0.9592, 0.571 0.6929 0.9563, 0.5552 0.6929 0.9444, 0.5697 0.6929 0.944, 0.5555 0.6929 0.9376, 0.57 0.6929 0.9373, 0.5581 0.6929 0.9251, 0.5721 0.6929 0.9275, 0.5633 0.6929 0.9141, 0.6128 0.689 0.8896, 0.6421 0.689 0.8896, 0.5945 0.689 0.8919, 0.5823 0.689 0.8967, 0.5713 0.689 0.9046, 0.5633 0.689 0.9141, 0.5581 0.689 0.9251, 0.5555 0.689 0.9376, 0.5552 0.689 0.9444, 0.557 0.689 0.9592, 0.561 0.689 0.9694, 0.5676 0.689 0.9787, 0.5713 0.689 0.9823, 0.5825 0.689 0.9899, 0.5954 0.689 0.9946, 0.6117 0.689 0.9964, 0.6421 0.689 0.9964, 0.6122 0.689 0.9841, 0.6283 0.689 0.9841, 0.6283 0.689 0.9018, 0.6128 0.689 0.9018, 0.5811 0.689 0.9129, 0.5831 0.689 0.9112, 0.5901 0.689 0.9065, 0.5993 0.689 0.9033, 0.5697 0.689 0.944, 0.57 0.689 0.9373, 0.5721 0.689 0.9275, 0.5758 0.689 0.9195, 0.5814 0.689 0.9741, 0.5779 0.689 0.9705, 0.5739 0.689 0.9644, 0.571 0.689 0.9563, 0.5985 0.689 0.9826, 0.5892 0.689 0.9793
            ]
        }
        coordIndex [
            0,1,2,-1,3,4,5,-1,3,5,6,-1,6,5,7,-1,6,7,2,-1,2,7,8,-1,2,8,0,-1,9,1,10,-1,10,1,0,-1,9,10,11,-1,11,10,12,-1,13,14,15,-1,15,14,11,-1,15,11,16,-1,16,11,12,-1,14,13,17,-1,17,13,18,-1,18,19,17,-1,17,19,20,-1,17,20,21,-1,21,20,22,-1,21,22,23,-1,23,22,24,-1,23,24,25,-1,25,24,26,-1,25,26,27,-1,27,26,28,-1,27,28,29,-1,29,28,30,-1,29,30,31,-1,31,30,32,-1,31,32,33,-1,33,32,34,-1,33,34,35,-1,35,34,36,-1,35,36,37,-1,37,36,38,-1,37,38,39,-1,39,38,40,-1,39,40,41,-1,41,40,42,-1,41,42,43,-1,43,42,44,-1,43,44,45,-1,45,44,46,-1,45,46,47,-1,47,46,48,-1,47,48,49,-1,49,48,50,-1,49,50,51,-1,51,50,52,-1,51,52,53,-1,53,52,54,-1,53,54,55,-1,55,54,56,-1,55,56,57,-1,57,56,58,-1,57,58,59,-1,59,58,60,-1,59,60,61,-1,61,60,62,-1,61,62,63,-1,63,62,64,-1,63,64,65,-1,65,64,66,-1,65,66,67,-1,67,66,68,-1,67,68,69,-1,69,68,70,-1,69,70,71,-1,71,70,72,-1,71,72,73,-1,73,72,74,-1,73,74,75,-1,76,75,77,-1,77,75,74,-1,76,77,78,-1,76,78,79,-1,79,78,80,-1,79,80,81,-1,81,80,82,-1,81,82,83,-1,83,82,84,-1,83,84,85,-1,85,84,86,-1,85,86,87,-1,87,86,88,-1,88,86,89,-1,89,90,88,-1,88,90,91,-1,88,91,92,-1,92,91,93,-1,92,93,94,-1,94,93,95,-1,94,95,96,-1,96,95,97,-1,96,97,98,-1,98,97,99,-1,98,99,100,-1,100,99,101,-1,100,101,102,-1,103,104,105,-1,102,101,106,-1,102,106,107,-1,107,106,108,-1,107,108,105,-1,105,108,109,-1,105,109,103,-1,104,103,110,-1,104,110,111,-1,111,110,112,-1,111,112,113,-1,113,112,114,-1,113,114,115,-1,115,114,116,-1,115,116,117,-1,117,116,118,-1,117,118,119,-1,119,118,120,-1,119,120,121,-1,121,120,122,-1,121,122,123,-1,123,122,124,-1,123,124,125,-1,125,124,126,-1,125,126,127,-1,127,126,128,-1,127,128,129,-1,129,128,130,-1,129,130,131,-1,131,130,132,-1,131,132,133,-1,133,132,134,-1,133,134,135,-1,135,134,4,-1,135,4,3,-1,59,61,87,-1,87,61,85,-1,85,61,63,-1,85,63,83,-1,125,25,27,-1,111,43,104,-1,104,43,45,-1,125,27,123,-1,123,27,29,-1,123,29,121,-1,121,29,31,-1,121,31,119,-1,119,31,33,-1,119,33,117,-1,117,33,35,-1,117,35,115,-1,115,35,37,-1,115,37,113,-1,113,37,39,-1,113,39,111,-1,111,39,41,-1,111,41,43,-1,25,125,23,-1,23,125,127,-1,23,127,21,-1,14,3,11,-1,11,3,6,-1,11,6,9,-1,9,6,2,-1,9,2,1,-1,63,65,83,-1,83,65,67,-1,83,67,81,-1,81,67,69,-1,81,69,79,-1,79,69,71,-1,79,71,76,-1,76,71,73,-1,76,73,75,-1,127,129,21,-1,21,129,131,-1,21,131,17,-1,17,131,133,-1,17,133,14,-1,14,133,135,-1,14,135,3,-1,87,88,59,-1,59,88,92,-1,59,92,57,-1,57,92,94,-1,57,94,55,-1,55,94,96,-1,55,96,53,-1,53,96,98,-1,53,98,51,-1,51,98,100,-1,51,100,49,-1,49,100,102,-1,49,102,47,-1,47,102,107,-1,47,107,45,-1,45,107,105,-1,45,105,104,-1,136,137,138,-1,138,137,139,-1,140,136,141,-1,141,136,138,-1,140,141,142,-1,140,142,143,-1,143,142,144,-1,143,144,145,-1,146,145,147,-1,147,145,144,-1,148,146,149,-1,149,146,147,-1,150,151,152,-1,152,151,148,-1,152,148,149,-1,153,151,154,-1,154,151,150,-1,155,156,157,-1,157,156,153,-1,157,153,154,-1,158,159,160,-1,160,159,156,-1,160,156,155,-1,158,161,159,-1,159,161,162,-1,161,163,162,-1,162,163,164,-1,162,164,165,-1,165,164,166,-1,165,166,167,-1,167,166,168,-1,167,168,169,-1,169,168,170,-1,169,170,171,-1,171,170,172,-1,171,172,173,-1,173,172,174,-1,173,174,175,-1,176,175,177,-1,177,175,174,-1,176,177,178,-1,176,178,179,-1,179,178,180,-1,179,180,181,-1,181,180,182,-1,181,182,183,-1,183,182,184,-1,183,184,185,-1,184,186,185,-1,185,186,187,-1,185,187,188,-1,188,187,189,-1,188,189,190,-1,190,189,191,-1,190,191,192,-1,192,191,193,-1,192,193,194,-1,194,193,195,-1,194,195,196,-1,139,137,197,-1,197,137,196,-1,197,196,195,-1,143,145,196,-1,137,136,196,-1,196,136,140,-1,196,140,143,-1,151,153,148,-1,148,153,156,-1,148,156,146,-1,145,146,196,-1,196,146,156,-1,196,156,194,-1,194,156,159,-1,194,159,192,-1,192,159,162,-1,192,162,190,-1,190,162,165,-1,175,176,173,-1,173,176,179,-1,173,179,171,-1,171,179,181,-1,171,181,169,-1,169,181,183,-1,169,183,167,-1,167,183,185,-1,167,185,165,-1,165,185,188,-1,165,188,190,-1,198,199,200,-1,200,199,201,-1,202,203,204,-1,204,203,198,-1,204,198,200,-1,205,203,206,-1,206,203,202,-1,207,208,209,-1,209,208,205,-1,209,205,206,-1,210,208,211,-1,211,208,207,-1,212,213,214,-1,214,213,210,-1,214,210,211,-1,215,213,216,-1,216,213,212,-1,217,218,219,-1,219,218,215,-1,219,215,216,-1,220,218,221,-1,221,218,217,-1,222,223,224,-1,224,223,220,-1,224,220,221,-1,225,223,226,-1,226,223,222,-1,201,199,227,-1,227,199,225,-1,227,225,226,-1,225,199,198,-1,198,203,225,-1,225,203,205,-1,225,205,223,-1,218,220,215,-1,215,220,223,-1,215,223,213,-1,213,223,205,-1,213,205,210,-1,210,205,208,-1,228,229,230,-1,230,229,231,-1,230,231,232,-1,232,231,233,-1,232,233,234,-1,234,233,235,-1,234,235,236,-1,236,235,237,-1,236,237,238,-1,238,237,239,-1,238,239,240,-1,240,239,241,-1,240,241,242,-1,242,241,243,-1,242,243,244,-1,244,243,245,-1,244,245,246,-1,246,245,247,-1,246,247,248,-1,248,247,249,-1,248,249,250,-1,250,249,251,-1,250,251,252,-1,252,251,253,-1,252,253,254,-1,254,253,255,-1,254,255,256,-1,256,255,257,-1,256,257,258,-1,258,257,259,-1,258,259,260,-1,260,259,261,-1,260,261,262,-1,262,261,228,-1,262,228,230,-1,236,238,263,-1,263,238,264,-1,236,263,265,-1,236,265,234,-1,234,265,266,-1,234,266,232,-1,232,266,267,-1,232,267,230,-1,230,267,268,-1,230,268,262,-1,262,268,269,-1,262,269,260,-1,260,269,270,-1,260,270,258,-1,258,270,271,-1,258,271,256,-1,256,271,272,-1,256,272,254,-1,254,272,273,-1,254,273,252,-1,252,273,274,-1,252,274,250,-1,250,274,275,-1,250,275,248,-1,248,275,276,-1,248,276,246,-1,246,276,277,-1,246,277,244,-1,244,277,278,-1,244,278,242,-1,240,242,279,-1,279,242,278,-1,238,240,264,-1,264,240,279,-1,243,241,280,-1,280,241,281,-1,241,239,281,-1,281,239,282,-1,239,237,282,-1,282,237,283,-1,229,284,285,-1,229,285,231,-1,231,285,286,-1,231,286,233,-1,233,286,287,-1,233,287,235,-1,235,287,283,-1,235,283,237,-1,257,288,289,-1,257,289,259,-1,259,289,290,-1,259,290,261,-1,261,290,291,-1,261,291,228,-1,228,291,284,-1,228,284,229,-1,249,292,293,-1,249,293,251,-1,251,293,294,-1,251,294,253,-1,253,294,295,-1,253,295,255,-1,255,295,288,-1,255,288,257,-1,243,280,296,-1,243,296,245,-1,245,296,297,-1,245,297,247,-1,247,297,292,-1,247,292,249,-1,
        ]
    }
}
Shape{
    appearance Appearance {
        material  Material 	{
            diffuseColor 0.25098039215686274 0.25098039215686274 0.25098039215686274
            specularColor 0.12549019607843137 0.12549019607843137 0.12549019607843137
            ambientIntensity 0.251
            transparency 0.0
            shininess 0.5
        }
    }
    geometry IndexedFaceSet {
        ccw TRUE
        solid FALSE
        coord DEF co Coordinate {
            point [
                0.6283 0.689 0.9841, 0.6283 0.689 0.9018, 0.6122 0.689 0.9841, 0.6128 0.689 0.9018, 0.5993 0.689 0.9033, 0.5901 0.689 0.9065, 0.5831 0.689 0.9112, 0.5811 0.689 0.9129, 0.5758 0.689 0.9195, 0.5721 0.689 0.9275, 0.57 0.689 0.9373, 0.5697 0.689 0.944, 0.571 0.689 0.9563, 0.5739 0.689 0.9644, 0.5779 0.689 0.9705, 0.5814 0.689 0.9741, 0.5985 0.689 0.9826, 0.5892 0.689 0.9793
            ]
        }
        coordIndex [
            0,1,2,-1,2,1,3,-1,2,3,4,-1,4,5,2,-1,2,5,6,-1,2,6,7,-1,7,8,2,-1,2,8,9,-1,2,9,10,-1,10,11,2,-1,2,11,12,-1,2,12,13,-1,13,14,2,-1,2,14,15,-1,2,15,16,-1,16,15,17,-1,
        ]
    }
}
Shape{
    appearance Appearance {
        material  Material 	{
            diffuseColor 1.0 1.0 1.0
            specularColor 0.5019607843137255 0.5019607843137255 0.5019607843137255
            ambientIntensity 1.0
            transparency 0.0
            shininess 0.5
        }
    }
    geometry IndexedFaceSet {
        ccw TRUE
        solid FALSE
        coord DEF co Coordinate {
            point [
                0.5194 0.6929 0.9309, 0.5035 0.6929 0.9753, 0.5086 0.6929 0.9964, 0.5493 0.6929 0.8896, 0.534 0.6929 0.8896, 0.5238 0.6929 0.9188, 0.5025 0.6929 0.9785, 0.5017 0.6929 0.9828, 0.4939 0.6929 0.9964, 0.5014 0.6929 0.9828, 0.5005 0.6929 0.9782, 0.4997 0.6929 0.9753, 0.4836 0.6929 0.9309, 0.4532 0.6929 0.8896, 0.4684 0.6929 0.8896, 0.4793 0.6929 0.9188, 0.4939 0.689 0.9964, 0.4532 0.689 0.8896, 0.5086 0.689 0.9964, 0.5493 0.689 0.8896, 0.534 0.689 0.8896, 0.5238 0.689 0.9188, 0.4793 0.689 0.9188, 0.4684 0.689 0.8896, 0.5194 0.689 0.9309, 0.4836 0.689 0.9309, 0.4997 0.689 0.9753, 0.5014 0.689 0.9828, 0.5005 0.689 0.9782, 0.5017 0.689 0.9828, 0.5035 0.689 0.9753, 0.5025 0.689 0.9785
            ]
        }
        coordIndex [
            0,1,2,-1,3,4,5,-1,1,6,2,-1,2,6,7,-1,2,7,8,-1,8,7,9,-1,8,9,10,-1,10,11,8,-1,8,11,12,-1,8,12,13,-1,14,13,15,-1,15,13,12,-1,15,12,5,-1,5,12,0,-1,5,0,3,-1,3,0,2,-1,8,13,16,-1,16,13,17,-1,2,8,18,-1,18,8,16,-1,3,2,19,-1,19,2,18,-1,4,3,20,-1,20,3,19,-1,5,4,21,-1,21,4,20,-1,15,5,22,-1,22,5,21,-1,14,15,23,-1,23,15,22,-1,13,14,17,-1,17,14,23,-1,0,12,24,-1,24,12,25,-1,12,11,25,-1,25,11,26,-1,9,27,28,-1,9,28,10,-1,10,28,26,-1,10,26,11,-1,9,7,27,-1,27,7,29,-1,1,30,31,-1,1,31,6,-1,6,31,29,-1,6,29,7,-1,1,0,30,-1,30,0,24,-1,
        ]
    }
}
Shape{
    appearance Appearance {
        material  Material 	{
            diffuseColor 0.25098039215686274 0.25098039215686274 0.25098039215686274
            specularColor 0.12549019607843137 0.12549019607843137 0.12549019607843137
            ambientIntensity 0.251
            transparency 0.0
            shininess 0.5
        }
    }
    geometry IndexedFaceSet {
        ccw TRUE
        solid FALSE
        coord DEF co Coordinate {
            point [
                0.5014 0.689 0.9828, 0.5017 0.689 0.9828, 0.5005 0.689 0.9782, 0.5025 0.689 0.9785, 0.4997 0.689 0.9753, 0.5035 0.689 0.9753, 0.4836 0.689 0.9309, 0.5194 0.689 0.9309
            ]
        }
        coordIndex [
            0,1,2,-1,2,1,3,-1,2,3,4,-1,4,3,5,-1,4,5,6,-1,6,5,7,-1,
        ]
    }
}
Shape{
    appearance Appearance {
        material  Material 	{
            diffuseColor 1.0 1.0 1.0
            specularColor 0.5019607843137255 0.5019607843137255 0.5019607843137255
            ambientIntensity 1.0
            transparency 0.0
            shininess 0.5
        }
    }
    geometry IndexedFaceSet {
        ccw TRUE
        solid FALSE
        coord DEF co Coordinate {
            point [
                1.4869 0.6929 0.8745, 1.4756 0.6929 0.8606, 1.4937 0.6929 0.9416, 1.2402 0.6929 0.9788, 1.2637 0.6929 1.0191, 1.3654 0.6929 0.9659, 1.4099 0.6929 0.9408, 1.417 0.6929 0.9433, 1.4231 0.6929 0.9439, 1.3465 0.6929 0.9227, 1.3938 0.6929 0.9181, 1.3465 0.6929 0.9151, 1.3937 0.6929 0.9107, 1.4038 0.6929 0.9367, 1.3989 0.6929 0.9313, 1.3955 0.6929 0.9251, 1.5102 0.6929 0.9518, 1.5081 0.6929 0.8951, 1.4945 0.6929 0.8908, 1.4131 0.6929 0.9912, 1.4224 0.6929 0.9917, 1.4361 0.6929 0.9409, 1.2151 0.6929 1.054, 1.2091 0.6929 1.054, 1.1779 0.6929 1.095, 1.1947 0.6929 1.0522, 1.1729 0.6929 1.0933, 1.1814 0.6929 1.0471, 1.1505 0.6929 1.0817, 1.1301 0.6929 1.0641, 1.4287 0.6929 1.079, 1.4231 0.6929 1.076, 1.4466 0.6929 1.1314, 1.4126 0.6929 1.0983, 1.4311 0.6929 1.1495, 1.396 0.6929 1.1189, 1.4133 0.6929 1.1648, 1.375 0.6929 1.1347, 1.3948 0.6929 1.1762, 1.4427 0.6929 0.8922, 1.4366 0.6929 0.888, 1.4608 0.6929 0.8494, 1.4296 0.6929 0.8854, 1.3948 0.6929 0.9866, 1.4404 0.6929 0.9895, 1.4572 0.6929 0.9831, 1.4421 0.6929 0.937, 1.4727 0.6929 0.9723, 1.4472 0.6929 0.9316, 1.4853 0.6929 0.958, 1.4507 0.6929 0.925, 1.4525 0.6929 0.9177, 1.2481 0.6929 0.8897, 1.2447 0.6929 0.8893, 1.2387 0.6929 0.9356, 1.3598 0.6929 1.1898, 1.3503 0.6929 1.145, 1.3222 0.6929 1.1944, 1.2189 0.6929 1.1549, 1.2447 0.6929 1.1161, 1.1941 0.6929 1.1263, 1.2286 0.6929 1.0948, 1.2182 0.6929 1.0697, 1.5238 0.6929 0.9658, 1.5552 0.6929 0.9272, 1.535 0.6929 0.9094, 1.537 0.6929 1.0298, 1.5867 0.6929 1.0195, 1.5393 0.6929 1.0115, 1.5871 0.6929 1.01, 1.5384 0.6929 0.9999, 1.5843 0.6929 0.984, 1.533 0.6929 0.9813, 1.5743 0.6929 0.9555, 1.5584 0.6929 0.931, 1.1696 0.6929 1.0389, 1.1608 0.6929 1.029, 1.1149 0.6929 1.0423, 1.1538 0.6929 1.0159, 1.1059 0.6929 1.0191, 1.1502 0.6929 1.0013, 1.1028 0.6929 0.9955, 1.1499 0.6929 0.9948, 1.2045 0.6929 0.9356, 1.2 0.6929 0.8893, 1.191 0.6929 0.9382, 1.1762 0.6929 0.8941, 1.1776 0.6929 0.9443, 1.1529 0.6929 0.9051, 1.1663 0.6929 0.9535, 1.133 0.6929 0.9212, 1.1652 0.6929 0.9547, 1.1309 0.6929 0.9234, 1.1569 0.6929 0.9665, 1.1166 0.6929 0.943, 1.1517 0.6929 0.98, 1.1067 0.6929 0.9668, 1.1029 0.6929 0.9917, 1.4457 0.6929 1.0852, 1.4554 0.6929 1.1325, 1.4633 0.6929 1.0874, 1.4641 0.6929 1.1329, 1.4711 0.6929 1.087, 1.4902 0.6929 1.1301, 1.4899 0.6929 1.0826, 1.5186 0.6929 1.1201, 1.5068 0.6929 1.0736, 1.5441 0.6929 1.1032, 1.52 0.6929 1.0619, 1.5514 0.6929 1.0965, 1.5305 0.6929 1.0467, 1.5677 0.6929 1.0762, 1.5806 0.6929 1.0494, 1.4293 0.6929 0.9433, 1.3787 0.6929 0.978, 1.2667 0.6929 0.915, 1.2668 0.6929 0.9128, 1.2425 0.6929 0.9363, 1.325 0.6929 1.1488, 1.3214 0.6929 1.1489, 1.2909 0.6929 1.1911, 1.2974 0.6929 1.1461, 1.2528 0.6929 1.1777, 1.2735 0.6929 1.1374, 1.2519 0.6929 1.123, 1.4476 0.6929 0.8977, 1.4508 0.6929 0.9039, 1.4525 0.6929 0.9109, 1.2609 0.6929 0.8975, 1.2582 0.6929 0.8948, 1.4433 0.6929 0.842, 1.4253 0.6929 0.8392, 1.4231 0.6929 0.8847, 1.4224 0.6929 0.8392, 1.4168 0.6929 0.8854, 1.404 0.6929 0.8414, 1.4101 0.6929 0.8877, 1.3871 0.6929 0.8479, 1.4042 0.6929 0.8916, 1.372 0.6929 0.8584, 1.3992 0.6929 0.8969, 1.3602 0.6929 0.8716, 1.3956 0.6929 0.9034, 1.3513 0.6929 0.8886, 1.3469 0.6929 0.9073, 1.2661 0.6929 0.9074, 1.2642 0.6929 0.9023, 1.2402 0.6929 0.9358, 1.2532 0.6929 0.8915, 1.2432 0.6929 0.9363, 1.2487 0.6929 0.9357, 1.2539 0.6929 0.9337, 1.2587 0.6929 0.9305, 1.2626 0.6929 0.9261, 1.2653 0.6929 0.9208, 1.1259 0.689 1.0581, 1.1149 0.689 1.0423, 1.1089 0.689 1.0268, 1.1059 0.689 1.0191, 1.1028 0.689 0.9955, 1.1301 0.689 1.0641, 1.1505 0.689 1.0817, 1.1729 0.689 1.0933, 1.1779 0.689 1.095, 1.1941 0.689 1.1263, 1.2189 0.689 1.1549, 1.2364 0.689 1.1667, 1.2528 0.689 1.1777, 1.2909 0.689 1.1911, 1.3222 0.689 1.1944, 1.3598 0.689 1.1898, 1.3948 0.689 1.1762, 1.4103 0.689 1.1667, 1.4133 0.689 1.1648, 1.4311 0.689 1.1495, 1.4466 0.689 1.1314, 1.4554 0.689 1.1325, 1.4641 0.689 1.1329, 1.4902 0.689 1.1301, 1.5186 0.689 1.1201, 1.5441 0.689 1.1032, 1.5514 0.689 1.0965, 1.5677 0.689 1.0762, 1.5764 0.689 1.0581, 1.5806 0.689 1.0494, 1.5852 0.689 1.0268, 1.5867 0.689 1.0195, 1.5871 0.689 1.01, 1.5843 0.689 0.984, 1.5743 0.689 0.9555, 1.5584 0.689 0.931, 1.5552 0.689 0.9272, 1.535 0.689 0.9094, 1.5081 0.689 0.8951, 1.4945 0.689 0.8908, 1.4935 0.689 0.8887, 1.4869 0.689 0.8745, 1.4756 0.689 0.8606, 1.4608 0.689 0.8494, 1.4537 0.689 0.8465, 1.4433 0.689 0.842, 1.4253 0.689 0.8392, 1.4224 0.689 0.8392, 1.3465 0.689 0.9151, 1.404 0.689 0.8414, 1.3909 0.689 0.8465, 1.3871 0.689 0.8479, 1.372 0.689 0.8584, 1.3602 0.689 0.8716, 1.3513 0.689 0.8886, 1.3512 0.689 0.8887, 1.3469 0.689 0.9073, 1.3465 0.689 0.9227, 1.2402 0.689 0.9788, 1.2637 0.689 1.0191, 1.3654 0.689 0.9659, 1.3787 0.689 0.978, 1.3948 0.689 0.9866, 1.4131 0.689 0.9912, 1.4224 0.689 0.9917, 1.4404 0.689 0.9895, 1.4572 0.689 0.9831, 1.4727 0.689 0.9723, 1.4853 0.689 0.958, 1.4937 0.689 0.9416, 1.5102 0.689 0.9518, 1.5238 0.689 0.9658, 1.533 0.689 0.9813, 1.5384 0.689 0.9999, 1.5393 0.689 1.0115, 1.5374 0.689 1.0268, 1.537 0.689 1.0298, 1.5305 0.689 1.0467, 1.5226 0.689 1.0581, 1.52 0.689 1.0619, 1.5068 0.689 1.0736, 1.4899 0.689 1.0826, 1.4711 0.689 1.087, 1.4633 0.689 1.0874, 1.4457 0.689 1.0852, 1.4287 0.689 1.079, 1.4231 0.689 1.076, 1.4126 0.689 1.0983, 1.396 0.689 1.1189, 1.375 0.689 1.1347, 1.3503 0.689 1.145, 1.325 0.689 1.1488, 1.3214 0.689 1.1489, 1.2974 0.689 1.1461, 1.2735 0.689 1.1374, 1.2519 0.689 1.123, 1.2447 0.689 1.1161, 1.2286 0.689 1.0948, 1.2182 0.689 1.0697, 1.2159 0.689 1.0581, 1.2151 0.689 1.054, 1.2091 0.689 1.054, 1.1947 0.689 1.0522, 1.1814 0.689 1.0471, 1.1696 0.689 1.0389, 1.1608 0.689 1.029, 1.1596 0.689 1.0268, 1.1538 0.689 1.0159, 1.1502 0.689 1.0013, 1.1499 0.689 0.9948, 1.1517 0.689 0.98, 1.1569 0.689 0.9665, 1.1652 0.689 0.9547, 1.1663 0.689 0.9535, 1.1776 0.689 0.9443, 1.191 0.689 0.9382, 1.2045 0.689 0.9356, 1.2387 0.689 0.9356, 1.2402 0.689 0.9358, 1.2425 0.689 0.9363, 1.2432 0.689 0.9363, 1.2487 0.689 0.9357, 1.2539 0.689 0.9337, 1.2587 0.689 0.9305, 1.2626 0.689 0.9261, 1.2653 0.689 0.9208, 1.2667 0.689 0.915, 1.2668 0.689 0.9128, 1.2661 0.689 0.9074, 1.2642 0.689 0.9023, 1.2609 0.689 0.8975, 1.2582 0.689 0.8948, 1.2532 0.689 0.8915, 1.2481 0.689 0.8897, 1.2447 0.689 0.8893, 1.2 0.689 0.8893, 1.1762 0.689 0.8941, 1.1529 0.689 0.9051, 1.133 0.689 0.9212, 1.1309 0.689 0.9234, 1.1166 0.689 0.943, 1.1067 0.689 0.9668, 1.1029 0.689 0.9917, 1.4231 0.689 0.9439, 1.417 0.689 0.9433, 1.4099 0.689 0.9408, 1.4038 0.689 0.9367, 1.3989 0.689 0.9313, 1.3955 0.689 0.9251, 1.3938 0.689 0.9181, 1.3937 0.689 0.9107, 1.3956 0.689 0.9034, 1.3992 0.689 0.8969, 1.4042 0.689 0.8916, 1.4101 0.689 0.8877, 1.4168 0.689 0.8854, 1.4231 0.689 0.8847, 1.4296 0.689 0.8854, 1.4366 0.689 0.888, 1.4427 0.689 0.8922, 1.4476 0.689 0.8977, 1.4508 0.689 0.9039, 1.4525 0.689 0.9109, 1.4525 0.689 0.9177, 1.4507 0.689 0.925, 1.4472 0.689 0.9316, 1.4421 0.689 0.937, 1.4361 0.689 0.9409, 1.4293 0.689 0.9433
            ]
        }
        coordIndex [
            0,1,2,-1,3,4,5,-1,6,3,7,-1,7,3,8,-1,9,10,11,-1,11,10,12,-1,6,13,3,-1,3,13,14,-1,3,14,9,-1,9,14,15,-1,9,15,10,-1,16,17,2,-1,2,17,18,-1,2,18,0,-1,19,20,21,-1,22,23,24,-1,24,23,25,-1,24,25,26,-1,26,25,27,-1,26,27,28,-1,28,27,29,-1,30,31,32,-1,32,31,33,-1,32,33,34,-1,34,33,35,-1,34,35,36,-1,36,35,37,-1,36,37,38,-1,39,1,40,-1,40,1,41,-1,40,41,42,-1,19,21,43,-1,20,44,21,-1,21,44,45,-1,21,45,46,-1,46,45,47,-1,46,47,48,-1,48,47,49,-1,48,49,50,-1,50,49,2,-1,50,2,51,-1,52,53,54,-1,38,37,55,-1,55,37,56,-1,55,56,57,-1,58,59,60,-1,60,59,61,-1,60,61,24,-1,24,61,62,-1,24,62,22,-1,63,64,16,-1,16,64,65,-1,16,65,17,-1,66,67,68,-1,68,67,69,-1,68,69,70,-1,70,69,71,-1,70,71,72,-1,72,71,73,-1,72,73,63,-1,63,73,74,-1,63,74,64,-1,27,75,29,-1,29,75,76,-1,29,76,77,-1,77,76,78,-1,77,78,79,-1,79,78,80,-1,79,80,81,-1,81,80,82,-1,54,53,83,-1,83,53,84,-1,83,84,85,-1,85,84,86,-1,85,86,87,-1,87,86,88,-1,87,88,89,-1,89,88,90,-1,89,90,91,-1,91,90,92,-1,91,92,93,-1,93,92,94,-1,93,94,95,-1,95,94,96,-1,95,96,82,-1,82,96,97,-1,82,97,81,-1,30,32,98,-1,98,32,99,-1,98,99,100,-1,100,99,101,-1,100,101,102,-1,102,101,103,-1,102,103,104,-1,104,103,105,-1,104,105,106,-1,106,105,107,-1,106,107,108,-1,108,107,109,-1,108,109,110,-1,110,109,111,-1,110,111,66,-1,66,111,112,-1,66,112,67,-1,8,3,113,-1,113,3,5,-1,113,5,21,-1,21,5,114,-1,21,114,43,-1,115,116,117,-1,56,118,57,-1,57,118,119,-1,57,119,120,-1,120,119,121,-1,120,121,122,-1,122,121,123,-1,122,123,58,-1,58,123,124,-1,58,124,59,-1,39,125,1,-1,1,125,126,-1,1,126,2,-1,2,126,127,-1,2,127,51,-1,117,128,129,-1,41,130,42,-1,42,130,131,-1,42,131,132,-1,132,131,133,-1,132,133,134,-1,134,133,135,-1,134,135,136,-1,136,135,137,-1,136,137,138,-1,138,137,139,-1,138,139,140,-1,140,139,141,-1,140,141,142,-1,142,141,143,-1,142,143,12,-1,12,143,144,-1,12,144,11,-1,116,145,117,-1,117,145,146,-1,117,146,128,-1,54,147,52,-1,52,147,117,-1,52,117,148,-1,148,117,129,-1,117,149,115,-1,115,149,150,-1,115,150,151,-1,151,152,115,-1,115,152,153,-1,115,153,154,-1,155,29,156,-1,156,29,77,-1,156,77,157,-1,157,77,79,-1,157,79,158,-1,158,79,81,-1,158,81,159,-1,155,160,29,-1,29,160,161,-1,29,161,28,-1,28,161,162,-1,28,162,26,-1,26,162,163,-1,26,163,24,-1,24,163,164,-1,24,164,60,-1,60,164,165,-1,60,165,58,-1,122,58,166,-1,166,58,165,-1,166,167,122,-1,122,167,168,-1,122,168,120,-1,120,168,169,-1,120,169,57,-1,57,169,170,-1,57,170,55,-1,55,170,171,-1,55,171,38,-1,38,171,36,-1,36,171,172,-1,36,172,173,-1,36,173,174,-1,36,174,34,-1,34,174,175,-1,34,175,32,-1,32,175,176,-1,32,176,99,-1,99,176,177,-1,99,177,101,-1,101,177,178,-1,101,178,103,-1,103,178,179,-1,103,179,105,-1,105,179,180,-1,105,180,107,-1,107,180,181,-1,107,181,109,-1,112,111,182,-1,182,111,109,-1,182,109,181,-1,182,183,112,-1,112,183,184,-1,112,184,67,-1,67,184,185,-1,185,186,67,-1,67,186,187,-1,67,187,69,-1,69,187,188,-1,69,188,71,-1,71,188,189,-1,71,189,73,-1,73,189,190,-1,73,190,74,-1,74,190,191,-1,74,191,64,-1,64,191,192,-1,64,192,65,-1,65,192,193,-1,65,193,17,-1,17,193,194,-1,17,194,18,-1,18,194,195,-1,18,195,0,-1,195,196,0,-1,0,196,197,-1,0,197,1,-1,1,197,198,-1,1,198,41,-1,41,198,199,-1,41,199,130,-1,199,200,130,-1,130,200,201,-1,130,201,131,-1,131,201,202,-1,131,202,133,-1,203,11,144,-1,133,202,204,-1,205,137,204,-1,204,137,135,-1,204,135,133,-1,205,206,137,-1,137,206,207,-1,137,207,139,-1,139,207,208,-1,139,208,141,-1,141,208,209,-1,141,209,143,-1,143,209,210,-1,143,210,144,-1,144,210,211,-1,144,211,203,-1,9,11,212,-1,212,11,203,-1,3,9,213,-1,213,9,212,-1,4,3,214,-1,214,3,213,-1,5,4,215,-1,215,4,214,-1,5,215,216,-1,5,216,114,-1,114,216,217,-1,114,217,43,-1,43,217,218,-1,43,218,19,-1,19,218,219,-1,19,219,20,-1,20,219,220,-1,20,220,44,-1,44,220,221,-1,44,221,45,-1,45,221,222,-1,45,222,47,-1,47,222,223,-1,47,223,49,-1,49,223,224,-1,49,224,2,-1,2,224,225,-1,2,225,16,-1,16,225,226,-1,16,226,63,-1,63,226,227,-1,63,227,72,-1,72,227,228,-1,72,228,70,-1,70,228,229,-1,70,229,68,-1,66,68,229,-1,229,230,66,-1,66,230,231,-1,66,231,232,-1,233,108,232,-1,232,108,110,-1,232,110,66,-1,233,234,108,-1,108,234,235,-1,108,235,106,-1,106,235,236,-1,106,236,104,-1,104,236,237,-1,104,237,102,-1,102,237,238,-1,102,238,100,-1,100,238,239,-1,100,239,98,-1,98,239,240,-1,98,240,30,-1,30,240,241,-1,30,241,31,-1,31,241,242,-1,31,242,33,-1,33,242,243,-1,33,243,35,-1,35,243,244,-1,35,244,37,-1,37,244,245,-1,37,245,56,-1,56,245,246,-1,56,246,118,-1,118,246,247,-1,118,247,119,-1,119,247,248,-1,119,248,121,-1,121,248,249,-1,121,249,123,-1,123,249,250,-1,123,250,124,-1,124,250,251,-1,124,251,59,-1,59,251,252,-1,59,252,61,-1,61,252,253,-1,61,253,62,-1,62,253,22,-1,22,253,254,-1,22,254,255,-1,23,22,256,-1,256,22,255,-1,23,256,257,-1,23,257,25,-1,25,257,258,-1,25,258,27,-1,27,258,259,-1,27,259,75,-1,75,259,260,-1,75,260,76,-1,76,260,261,-1,76,261,78,-1,261,262,78,-1,78,262,263,-1,78,263,80,-1,80,263,264,-1,80,264,82,-1,82,264,265,-1,82,265,95,-1,95,265,266,-1,95,266,93,-1,93,266,267,-1,93,267,91,-1,91,267,268,-1,91,268,89,-1,89,268,269,-1,89,269,87,-1,87,269,270,-1,87,270,85,-1,85,270,271,-1,85,271,83,-1,54,83,272,-1,272,83,271,-1,54,272,273,-1,54,273,147,-1,147,273,274,-1,147,274,117,-1,117,274,275,-1,117,275,149,-1,149,275,276,-1,149,276,150,-1,150,276,277,-1,150,277,151,-1,151,277,278,-1,151,278,152,-1,152,278,279,-1,152,279,153,-1,153,279,280,-1,153,280,154,-1,154,280,281,-1,154,281,115,-1,115,281,282,-1,115,282,116,-1,116,282,283,-1,116,283,145,-1,145,283,284,-1,145,284,146,-1,146,284,285,-1,146,285,128,-1,128,285,286,-1,128,286,129,-1,129,286,287,-1,129,287,148,-1,148,287,288,-1,148,288,52,-1,52,288,289,-1,52,289,53,-1,84,53,290,-1,290,53,289,-1,84,290,291,-1,84,291,86,-1,86,291,292,-1,86,292,88,-1,88,292,293,-1,88,293,90,-1,90,293,294,-1,90,294,92,-1,92,294,295,-1,92,295,94,-1,94,295,296,-1,94,296,96,-1,96,296,297,-1,96,297,97,-1,97,297,159,-1,97,159,81,-1,8,298,299,-1,8,299,7,-1,7,299,300,-1,7,300,6,-1,6,300,301,-1,6,301,13,-1,13,301,302,-1,13,302,14,-1,14,302,303,-1,14,303,15,-1,15,303,304,-1,15,304,10,-1,10,304,305,-1,10,305,12,-1,12,305,306,-1,12,306,142,-1,142,306,307,-1,142,307,140,-1,140,307,308,-1,140,308,138,-1,138,308,309,-1,138,309,136,-1,136,309,310,-1,136,310,134,-1,134,310,311,-1,134,311,132,-1,132,311,312,-1,132,312,42,-1,42,312,313,-1,42,313,40,-1,40,313,314,-1,40,314,39,-1,39,314,315,-1,39,315,125,-1,125,315,316,-1,125,316,126,-1,126,316,317,-1,126,317,127,-1,127,317,318,-1,127,318,51,-1,51,318,319,-1,51,319,50,-1,50,319,320,-1,50,320,48,-1,48,320,321,-1,48,321,46,-1,46,321,322,-1,46,322,21,-1,21,322,323,-1,21,323,113,-1,113,323,298,-1,113,298,8,-1,
        ]
    }
}
Shape{
    appearance Appearance {
        material  Material 	{
            diffuseColor 0.25098039215686274 0.25098039215686274 0.25098039215686274
            specularColor 0.12549019607843137 0.12549019607843137 0.12549019607843137
            ambientIntensity 0.251
            transparency 0.0
            shininess 0.5
        }
    }
    geometry IndexedFaceSet {
        ccw TRUE
        solid FALSE
        coord DEF co Coordinate {
            point [
                1.4293 0.689 0.9433, 1.4231 0.689 0.8847, 1.4231 0.689 0.9439, 1.4168 0.689 0.8854, 1.417 0.689 0.9433, 1.4472 0.689 0.9316, 1.4507 0.689 0.925, 1.4525 0.689 0.9177, 1.4508 0.689 0.9039, 1.4476 0.689 0.8977, 1.4427 0.689 0.8922, 1.3955 0.689 0.9251, 1.3989 0.689 0.9313, 1.4042 0.689 0.8916, 1.4038 0.689 0.9367, 1.4525 0.689 0.9109, 1.4361 0.689 0.9409, 1.4421 0.689 0.937, 1.4366 0.689 0.888, 1.4296 0.689 0.8854, 1.3956 0.689 0.9034, 1.3937 0.689 0.9107, 1.3938 0.689 0.9181, 1.4101 0.689 0.8877, 1.4099 0.689 0.9408, 1.3992 0.689 0.8969
            ]
        }
        coordIndex [
            0,1,2,-1,2,1,3,-1,2,3,4,-1,5,6,7,-1,8,9,0,-1,0,9,10,-1,11,12,13,-1,13,12,14,-1,8,0,15,-1,15,0,16,-1,15,16,7,-1,7,16,17,-1,7,17,5,-1,10,18,0,-1,0,18,19,-1,0,19,1,-1,20,21,22,-1,3,23,4,-1,4,23,13,-1,4,13,24,-1,24,13,14,-1,11,13,22,-1,22,13,25,-1,22,25,20,-1,
        ]
    }
}